depo_kod;urun_kod;stok
9001;1000048;1
9001;1000049;46
9001;1000081;131
9001;1000082;198
9001;1000087;110
9001;1000094;846
9001;1000095;130
9001;1000096;1892
9001;1000100;522
9001;1000103;720
9001;1000113;114
9001;1000114;1952
9001;1000215;11
9001;1000298;1
9001;1000333;5
9001;1000371;2
9001;1000529;113
9001;1000540;5
9001;1000542;6
9001;1000547;2
9001;1000548;758
9001;1000585;48
9001;1000613;53
9001;1000629;1402
9001;1000630;1
9001;1000655;541
9001;1000659;34
9001;1000665;1
9001;1000666;1
9001;1000668;2
9001;1000681;2
9001;1000688;3
9001;1000689;1
9001;1000693;11
9001;1000696;2
9001;1000699;2
9001;1000702;6
9001;1000703;99
9001;1000716;6
9001;1000724;236
9001;1000725;124
9001;1000729;19
9001;1000732;30
9001;1000734;16
9001;1000735;24
9001;1000742;271
9001;1000745;38
9001;1000748;3
9001;1000753;188
9001;1000757;11
9001;1000762;20
9001;1000764;8
9001;1000767;158
9001;1000768;164
9001;1000769;214
9001;1000770;16
9001;1000771;155
9001;1000774;94
9001;1000775;191
9001;1000776;12
9001;1000778;40
9001;1000780;2
9001;1000781;220
9001;1000782;144
9001;1000787;31
9001;1000789;12
9001;1000805;270
9001;1000806;1
9001;1000807;240
9001;1000813;606
9001;1000814;1
9001;1000823;7
9001;1000824;61
9001;1000826;48
9001;1000827;153
9001;1000841;2
9001;1000842;22
9001;1000851;180
9001;1000856;6
9001;1000859;235
9001;1000865;96
9001;1000866;90
9001;1000875;96
9001;1000876;96
9001;1000885;392
9001;1000886;144
9001;1000887;1830
9001;1000888;180
9001;1000927;240
9001;1000930;121
9001;1000959;476
9001;1001039;22
9001;1001054;18
9001;1001058;17
9001;1001060;331
9001;1001062;365
9001;1001086;416
9001;1001108;2
9001;1001126;100
9001;1001136;15
9001;1001156;39
9001;1001194;263
9001;1001216;7
9001;1001224;758
9001;1001332;170
9001;1001338;382
9001;1001339;251
9001;1001341;208
9001;1001345;66
9001;1001347;185
9001;1001351;309
9001;1001352;103
9001;1001354;526
9001;1001381;348
9001;1001383;763
9001;1001385;8
9001;1001387;55
9001;1001388;242
9001;1001390;3
9001;1001394;61
9001;1001398;189
9001;1001399;186
9001;1001401;2
9001;1001402;60
9001;1001403;60
9001;1001404;6
9001;1001405;125
9001;1001409;283
9001;1001412;180
9001;1001415;7
9001;1001426;240
9001;1001432;144
9001;1001445;3
9001;1001446;72
9001;1001467;21
9001;1001469;36
9001;1001470;1
9001;1001471;38
9001;1001478;240
9001;1001482;180
9001;1001483;1
9001;1001486;120
9001;1001490;1
9001;1001492;1
9001;1001495;300
9001;1001546;1
9001;1001547;72
9001;1001548;24
9001;1001562;240
9001;1001590;2
9001;1001592;210
9001;1001606;1
9001;1001626;696
9001;1001627;936
9001;1001633;629
9001;1001636;23
9001;1001643;7
9001;1001655;310
9001;1001659;699
9001;1001660;933
9001;1001662;2343
9001;1001664;256
9001;1001668;43
9001;1001671;641
9001;1001682;1116
9001;1001683;482
9001;1001684;637
9001;1001705;647
9001;1001711;539
9001;1001716;110
9001;1001719;131
9001;1001724;138
9001;1001729;719
9001;1001732;110
9001;1001733;237
9001;1001735;95
9001;1001740;464
9001;1001745;411
9001;1001761;312
9001;1001763;228
9001;1001766;291
9001;1001767;285
9001;1001780;149
9001;1001788;141
9001;1001851;480
9001;1001854;517
9001;1001858;2
9001;1001861;216
9001;1001862;88
9001;1001864;28
9001;1001912;219
9001;1001913;559
9001;1001914;470
9001;1001915;1064
9001;1001916;154
9001;1001917;1794
9001;1001918;319
9001;1001920;218
9001;1001929;3
9001;1001930;6
9001;1001934;3
9001;1001938;498
9001;1001940;442
9001;1001941;680
9001;1001942;3560
9001;1001943;112
9001;1001957;6
9001;1001981;215
9001;1001987;6
9001;1002003;211
9001;1002004;9
9001;1002037;553
9001;1002047;151
9001;1002066;1231
9001;1002067;864
9001;1002069;839
9001;1002071;91
9001;1002072;93
9001;1002073;15
9001;1002074;88
9001;1002077;18
9001;1002079;331
9001;1002081;1968
9001;1002082;2971
9001;1002086;200
9001;1002090;8
9001;1002091;283
9001;1002101;340
9001;1002116;280
9001;1002121;38
9001;1002125;13
9001;1002128;95
9001;1002137;669
9001;1002248;383
9001;1002255;559
9001;1002267;3
9001;1002268;455
9001;1002269;752
9001;1002270;26
9001;1002283;48
9001;1002311;1
9001;1002367;1
9001;1002370;32
9001;1002435;2
9001;1002437;8
9001;1002448;313
9001;1002513;12
9001;1002769;536
9001;1002806;2236
9001;1002820;1672
9001;1002822;1145
9001;1002824;1294
9001;1002825;112
9001;1002826;476
9001;1002833;300
9001;1002841;281
9001;1002859;186
9001;1002861;5
9001;1002871;308
9001;1002872;241
9001;1002891;83
9001;1003063;427
9001;1003150;15
9001;1003151;145
9001;1003174;98
9001;1003196;2
9001;1003202;5243
9001;1003203;4012
9001;1003204;217
9001;1003206;109
9001;1003209;5
9001;1003210;100
9001;1003220;2
9001;1003221;142
9001;1003236;1608
9001;1003237;541
9001;1003238;644
9001;1003239;326
9001;1003240;1586
9001;1003241;611
9001;1003242;84
9001;1003243;1908
9001;1003244;2214
9001;1003245;55
9001;1003246;1899
9001;1003247;657
9001;1003248;1296
9001;1003249;769
9001;1003250;367
9001;1003251;1
9001;1003252;723
9001;1003253;291
9001;1003254;288
9001;1003255;71
9001;1003256;99
9001;1003258;11
9001;1003259;75
9001;1003260;181
9001;1003262;216
9001;1003263;743
9001;1003264;864
9001;1003265;752
9001;1003266;3
9001;1003268;798
9001;1003276;1
9001;1003282;49
9001;1003318;202
9001;1003319;285
9001;1003323;12
9001;1003330;393
9001;1003331;475
9001;1003332;52
9001;1003333;84
9001;1003377;880
9001;1003378;277
9001;1003380;35
9001;1003387;39
9001;1003399;563
9001;1003403;38
9001;1003409;10
9001;1003410;1272
9001;1003414;540
9001;1003415;327
9001;1003417;1929
9001;1003418;539
9001;1003420;1073
9001;1003425;79
9001;1003426;8
9001;1003429;114
9001;1003439;85
9001;1003442;378
9001;1003443;232
9001;1003444;204
9001;1003445;201
9001;1003474;6
9001;1003475;4
9001;1003480;2
9001;1003531;1
9001;1003544;1
9001;1003548;1
9001;1003551;135
9001;1003554;255
9001;1003584;15
9001;1003599;15
9001;1003600;623
9001;1003602;1580
9001;1003603;1670
9001;1003613;5
9001;1003616;3
9001;1003621;90
9001;1003623;175
9001;1003624;3
9001;1003626;175
9001;1003627;281
9001;1003632;34
9001;1003634;116
9001;1003648;4
9001;1003650;52
9001;1003829;264
9001;1004042;549
9001;1004043;753
9001;1004148;139
9001;1004153;1599
9001;1004154;1
9001;1004217;1126
9001;1004229;323
9001;1004235;64
9001;1004270;144
9001;1004271;432
9001;1004308;576
9001;1004311;576
9001;1004327;288
9001;1004328;576
9001;1004337;144
9001;1004389;360
9001;1004400;4
9001;1004420;2
9001;1004435;120
9001;1004509;97
9001;1004516;529
9001;1004548;3
9001;1004555;86
9001;1004560;3
9001;1004604;303
9001;1005229;50
9001;1005233;1
9001;1005235;2948
9001;1005269;289
9001;1005270;162
9001;1005294;1328
9001;1005295;82
9001;1005969;5
9001;1006139;13
9001;1006140;6
9001;1006152;8
9001;1006472;180
9001;1006474;7
9001;1006477;193
9001;1006538;52
9001;1006540;245
9001;1006550;1262
9001;1006637;2
9001;1006654;139
9001;1006655;988
9001;1006656;132
9001;1006870;291
9001;1006967;11
9001;1007014;2
9001;1007553;123
9001;1007603;125
9001;1007606;125
9001;1007981;19
9001;1008536;36
9001;1008559;1674
9001;1008561;139
9001;1008839;354
9001;1008840;245
9001;1008882;102
9001;1008884;102
9001;1008885;215
9001;1008886;358
9001;1008935;320
9001;1008962;109
9001;1008965;241
9001;1008968;301
9001;1009032;432
9001;1009033;468
9001;1009057;503
9001;1009058;86
9001;1009060;33
9001;1009062;329
9001;1009063;31
9001;1009064;372
9001;1009065;250
9001;1009204;36
9001;1009223;160
9001;1009298;1544
9001;1009299;569
9001;1009346;491
9001;1009426;532
9001;1009430;838
9001;1009505;111
9001;1009542;44
9001;1009543;69
9001;1009544;50
9001;1009577;233
9001;1009578;13080
9001;1009596;3291
9001;1009627;193
9001;1009629;95
9001;1009630;99
9001;1009631;223
9001;1009633;116
9001;1009688;1
9001;1009738;149
9001;1009742;29
9001;1009747;33
9001;1009751;77
9001;1009818;282
9001;1009862;360
9001;1009863;36
9001;1009912;2
9001;1009915;1345
9001;1010135;126
9001;1010142;21560
9001;1010208;3
9001;1010262;30431
9001;1010297;2070
9001;1010335;1559
9001;1010336;396
9001;1010788;29
9001;1010912;201
9001;1010931;48
9001;1010992;38
9001;1010993;61
9001;1010994;927
9001;1010995;1035
9001;1011090;3
9001;1011303;144
9001;1011351;1855
9001;1011352;5
9001;1011353;3252
9001;1011354;394
9001;1011409;17
9001;1011418;1
9001;1011423;1
9001;1011446;1
9001;1011470;576
9001;1011481;200
9001;1011483;201
9001;1011486;200
9001;1011492;204
9001;1011493;204
9001;1011497;288
9001;1011500;204
9001;1011505;218
9001;1011561;3
9001;1011585;4355
9001;1011752;491
9001;1011761;21
9001;1011800;1
9001;1011805;1
9001;1011817;1399
9001;1011834;1
9001;1011957;1
9001;1011981;15
9001;1011982;187
9001;1011983;248
9001;1011984;234
9001;1011985;191
9001;1011987;183
9001;1011988;170
9001;1011990;199
9001;1011991;254
9001;1011992;15
9001;1011993;95
9001;1011994;110
9001;1012004;534
9001;1012024;210
9001;1012026;3071
9001;1012161;240
9001;1012163;801
9001;1012167;91
9001;1012169;635
9001;1012171;48
9001;1012176;127
9001;1012190;22
9001;1012198;319
9001;1012205;70
9001;1012222;576
9001;1012223;14
9001;1012233;709
9001;1012234;812
9001;1012309;42
9001;1012330;1
9001;1012336;1
9001;1012348;27
9001;1012351;308
9001;1012377;227
9001;1012401;770
9001;1012403;11
9001;1012459;173
9001;1012888;451
9001;1012894;44
9001;1012906;165
9001;1012978;575
9001;1013006;30
9001;1013268;1300
9001;1013301;17
9001;1013384;250
9001;1013389;18
9001;1013413;12
9001;1013425;41
9001;1013436;1
9001;1013541;848
9001;1013543;3846
9001;1013547;4440
9001;1013549;3274
9001;1013556;1398
9001;1013557;850
9001;1013597;981
9001;1013598;11
9001;1013599;1157
9001;1013621;916
9001;1013727;67
9001;1013728;3
9001;1013731;5
9001;1013754;6
9001;1013786;600
9001;1013794;36
9001;1013796;5
9001;1013797;2
9001;1013803;1
9001;1013869;662
9001;1013870;4175
9001;1013906;288
9001;1013921;2287
9001;1013922;4181
9001;1013923;2800
9001;1013989;329
9001;1013994;24
9001;1014002;1
9001;1014181;17
9001;1014188;469
9001;1014190;1009
9001;1014191;519
9001;1014193;711
9001;1014194;81
9001;1014195;971
9001;1014219;2
9001;1014299;9
9001;1014313;5
9001;1014326;5
9001;1014403;935
9001;1014522;144
9001;1014523;53
9001;1014558;113
9001;1014560;197
9001;1014594;16
9001;1014597;14
9001;1014599;3
9001;1014600;24
9001;1014601;18
9001;1014605;3
9001;1014629;1645
9001;1014632;1
9001;1014638;1
9001;1014641;212
9001;1014646;2410
9001;1014651;49
9001;1014652;6
9001;1014770;32
9001;1015024;210
9001;1015074;289
9001;1015076;521
9001;1015095;200
9001;1015343;217
9001;1015382;216
9001;1015474;3
9001;1015585;1
9001;1015587;5
9001;1015629;2
9001;1015899;261
9001;1015943;13
9001;1015944;63
9001;1015975;3
9001;1016004;2
9001;1016007;5
9001;1016012;17
9001;1016077;1
9001;1016322;1
9001;1016411;384
9001;1016412;26
9001;1016413;265
9001;1016414;3
9001;1016415;419
9001;1016416;186
9001;1016417;340
9001;1016449;898
9001;1016451;1
9001;1016452;130
9001;1016453;206
9001;1016465;55
9001;1016466;6
9001;1016467;2
9001;1016592;34
9001;1016594;264
9001;1016795;3
9001;1016796;14
9001;1016799;13
9001;1016812;1606
9001;1016813;1519
9001;1016855;3
9001;1016871;1
9001;1016896;11
9001;1016901;120
9001;1016924;133
9001;1016947;118
9001;1016949;417
9001;1016950;74
9001;1016952;181
9001;1016953;394
9001;1016984;3
9001;1017020;90
9001;1017034;53
9001;1017096;1
9001;1017117;1583
9001;1017119;55
9001;1017126;7
9001;1017147;316
9001;1017148;10
9001;1017193;189
9001;1017194;106
9001;1017372;22
9001;1017404;7
9001;1017405;1
9001;1017442;259
9001;1017444;25
9001;1017461;180
9001;1017466;35
9001;1017467;2
9001;1017468;77
9001;1017469;173
9001;1017470;118
9001;1017479;3
9001;1017481;16
9001;1017732;1155
9001;1017735;244
9001;1017777;144
9001;1017783;1
9001;1017814;251
9001;1017815;133
9001;1017825;4
9001;1017836;228
9001;1017838;247
9001;1017843;249
9001;1017877;986
9001;1017902;216
9001;1017910;29
9001;1017919;9
9001;1017920;3
9001;1017928;1
9001;1017959;2
9001;1017961;6
9001;1017986;5
9001;1017988;5
9001;1017990;5
9001;1017993;5
9001;1017995;77
9001;1017998;301
9001;1017999;181
9001;1018003;144
9001;1018006;1
9001;1018033;688
9001;1018035;454
9001;1018036;420
9001;1018037;549
9001;1018038;307
9001;1018174;1301
9001;1018175;3497
9001;1018177;313
9001;1018178;1197
9001;1018192;329
9001;1018232;179
9001;1018233;523
9001;1018340;23
9001;1018377;8
9001;1018403;301
9001;1018409;41
9001;1018410;161
9001;1018411;603
9001;1018471;2145
9001;1018480;389
9001;1018483;80
9001;1018485;670
9001;1018486;2662
9001;1018487;2826
9001;1018528;1
9001;1018529;7
9001;1018530;6
9001;1018542;6
9001;1018559;76
9001;1018561;432
9001;1018567;165
9001;1018570;199
9001;1018572;198
9001;1018573;201
9001;1018575;170
9001;1018581;199
9001;1018589;200
9001;1018608;118100
9001;1018616;572
9001;1018617;550
9001;1018618;457
9001;1018644;1518
9001;1018647;7
9001;1018651;272
9001;1018659;17
9001;1018729;13
9001;1018760;3
9001;1018762;2
9001;1018797;2
9001;1018912;638
9001;1018913;644
9001;1018915;575
9001;1018931;487
9001;1018937;769
9001;1018941;624
9001;1018964;611
9001;1018966;319
9001;1018968;139
9001;1018972;376
9001;1019036;1
9001;1019079;259
9001;1019080;8
9001;1019081;12
9001;1019085;2
9001;1019091;1
9001;1019093;2
9001;1019094;2
9001;1019096;5
9001;1019098;2
9001;1019100;2
9001;1019102;21
9001;1019115;82
9001;1019116;87
9001;1019117;2848
9001;1019146;77
9001;1019172;2
9001;1019175;5
9001;1019204;14
9001;1019206;4952
9001;1019303;74
9001;1019351;598
9001;1019352;400
9001;1019353;1133
9001;1019354;959
9001;1019357;9
9001;1019365;128
9001;1019366;1189
9001;1019441;367
9001;1019444;117
9001;1019445;233
9001;1019456;266
9001;1019467;2132
9001;1019468;903
9001;1019471;4558
9001;1019473;330
9001;1019486;29
9001;1019492;38
9001;1019497;78
9001;1019501;5
9001;1019502;9
9001;1019503;23
9001;1019561;5
9001;1019564;324
9001;1019787;623
9001;1019788;373
9001;1019801;8
9001;1019808;474
9001;1019844;6
9001;1019883;6
9001;1019895;302
9001;1019990;99
9001;1020068;41
9001;1020141;1
9001;1020173;11
9001;1020230;362
9001;1020231;432
9001;1020233;360
9001;1020241;9
9001;1020246;11
9001;1020247;438
9001;1020248;288
9001;1020249;432
9001;1020273;55910
9001;1020274;496
9001;1020275;511
9001;1020292;11
9001;1020300;61000
9001;1020310;13
9001;1020311;146
9001;1020314;418
9001;1020315;19
9001;1020435;442
9001;1020440;5
9001;1020441;25
9001;1020442;145
9001;1020486;4
9001;1020487;4
9001;1020491;6
9001;1020501;194
9001;1020516;6
9001;1020518;1683
9001;1020640;13
9001;1020647;18
9001;1020670;117
9001;1020678;20
9001;1020679;59
9001;1020685;145
9001;1020687;145
9001;1020688;145
9001;1020693;17
9001;1020708;6
9001;1020709;2
9001;1020720;1683
9001;1020721;1855
9001;1020730;279
9001;1020731;60
9001;1020732;153
9001;1020734;293
9001;1020798;5
9001;1020817;27
9001;1020848;159
9001;1020893;143
9001;1020910;298
9001;1020951;1435
9001;1020978;333
9001;1020979;1104
9001;1020980;1922
9001;1020981;2400
9001;1020982;272
9001;1020994;165
9001;1020995;165
9001;1021003;625
9001;1021025;271
9001;1021027;335
9001;1021028;80
9001;1021029;643
9001;1021033;190
9001;1021037;473
9001;1021039;14
9001;1021042;46
9001;1021045;150
9001;1021072;8
9001;1021104;2
9001;1021118;1
9001;1021122;5
9001;1021124;27
9001;1021163;6
9001;1021189;113
9001;1021190;397
9001;1021191;179
9001;1021192;409
9001;1021215;1
9001;1021298;1
9001;1021304;34
9001;1021306;45
9001;1021324;1248
9001;1021325;577
9001;1021326;1579
9001;1021328;1777
9001;1021348;331
9001;1021349;645
9001;1021350;4
9001;1021356;56
9001;1021362;524
9001;1021363;1231
9001;1021390;3
9001;1021406;129
9001;1021407;118
9001;1021409;72
9001;1021410;4
9001;1021426;803
9001;1021429;2
9001;1021430;991
9001;1021436;576
9001;1021458;295
9001;1021459;2
9001;1021460;22
9001;1021518;103
9001;1021521;52
9001;1021524;90
9001;1021527;3
9001;1021528;19
9001;1021529;4232
9001;1021581;73
9001;1021614;1
9001;1021625;356
9001;1021631;128
9001;1021664;16
9001;1021665;1
9001;1021670;66
9001;1021672;363
9001;1021777;20
9001;1021780;80
9001;1021781;270
9001;1021789;150
9001;1021798;1
9001;1021799;7
9001;1021800;419
9001;1021802;191
9001;1021803;181
9001;1021815;299
9001;1021821;1
9001;1021840;3
9001;1021859;161
9001;1021860;139
9001;1021866;145
9001;1021925;362
9001;1021959;80
9001;1021960;20
9001;1021962;17
9001;1021993;180
9001;1021997;8
9001;1022047;144
9001;1022060;1010
9001;1022066;21
9001;1022090;2
9001;1022105;1469
9001;1022116;8
9001;1022122;10
9001;1022123;11
9001;1022126;542
9001;1022130;1
9001;1022146;4
9001;1022163;96
9001;1022168;1
9001;1022170;597
9001;1022177;120
9001;1022190;7
9001;1022219;645
9001;1022220;438
9001;1022236;2
9001;1022239;1
9001;1022309;5
9001;1022538;85
9001;1022551;691
9001;1022552;1321
9001;1022553;282
9001;1022554;582
9001;1022564;6
9001;1022568;147
9001;1022591;614
9001;1022599;59
9001;1022613;272
9001;1022628;361
9001;1022632;72
9001;1022634;2
9001;1022649;301
9001;1022673;83
9001;1022719;127
9001;1022721;416
9001;1022725;286
9001;1022743;2
9001;1022754;1
9001;1022755;1
9001;1022785;2
9001;1022786;290
9001;1022908;144
9001;1022923;407
9001;1022938;110
9001;1022940;7
9001;1022959;185
9001;1022971;1
9001;1022972;3
9001;1022983;2
9001;1022984;2
9001;1022986;4
9001;1023047;72
9001;1023056;1
9001;1023096;458
9001;1023123;9
9001;1023210;2
9001;1023242;336
9001;1023243;1995
9001;1023251;165
9001;1023252;360
9001;1023254;48
9001;1023255;177
9001;1023259;4
9001;1023333;1100
9001;1023344;118
9001;1023378;24
9001;1023380;125
9001;1023388;1
9001;1023396;39
9001;1023397;1
9001;1023398;38
9001;1023429;600
9001;1023567;30
9001;1023570;36
9001;1023573;1
9001;1023574;270
9001;1023614;3
9001;1023615;7
9001;1023616;8
9001;1023617;2
9001;1023625;6
9001;1023629;202
9001;1023647;236
9001;1023656;221
9001;1023657;27
9001;1023659;27
9001;1023660;281
9001;1023661;49
9001;1023662;1232
9001;1023672;2629
9001;1023678;131
9001;1023706;1996
9001;1023709;57
9001;1023720;546
9001;1023721;399
9001;1023724;253
9001;1023725;12
9001;1023727;646
9001;1023732;703
9001;1023733;635
9001;1023739;3
9001;1023740;9
9001;1023776;100
9001;1023777;1907
9001;1023785;52
9001;1023790;279
9001;1023791;275
9001;1023816;355
9001;1023819;178
9001;1023820;2
9001;1023825;879
9001;1023849;502
9001;1023858;184
9001;1023860;62
9001;1023865;40
9001;1023883;3
9001;1023892;364
9001;1023893;476
9001;1023897;437
9001;1023984;2
9001;1024035;532
9001;1024039;508
9001;1024040;373
9001;1024041;302
9001;1024043;4956
9001;1024047;1936
9001;1024048;942
9001;1024050;738
9001;1024051;636
9001;1024053;109
9001;1024057;555
9001;1024058;428
9001;1024087;134
9001;1024088;148
9001;1024089;206
9001;1024090;304
9001;1024095;1249
9001;1024101;357
9001;1024106;3
9001;1024181;755
9001;1024182;471
9001;1024183;2334
9001;1024184;740
9001;1024185;726
9001;1024205;3540
9001;1024209;1291
9001;1024219;118
9001;1024222;600
9001;1024224;7
9001;1024226;1080
9001;1024227;288
9001;1024290;3
9001;1024319;323
9001;1024325;52
9001;1024326;48
9001;1024327;1
9001;1024340;180
9001;1024355;31
9001;1024356;1
9001;1024357;3
9001;1024362;78
9001;1024379;278
9001;1024382;1
9001;1024383;155
9001;1024386;153
9001;1024395;77
9001;1024436;1
9001;1024474;688
9001;1024480;1654
9001;1024483;344
9001;1024515;576
9001;1024563;980
9001;1024569;23
9001;1024570;33
9001;1024571;3
9001;1024572;26
9001;1024573;4
9001;1024574;6
9001;1024579;1697
9001;1024584;1365
9001;1024607;1267
9001;1024615;43
9001;1024636;25
9001;1024637;15
9001;1024654;652
9001;1024680;1971
9001;1024681;490
9001;1024685;6
9001;1024699;92
9001;1024710;12
9001;1024757;2739
9001;1024778;5
9001;1024800;1873
9001;1024805;76
9001;1024877;1
9001;1024886;6
9001;1024887;46
9001;1024907;97
9001;1024927;197
9001;1024928;196
9001;1024932;758
9001;1024962;800
9001;1024963;1844
9001;1024967;7
9001;1024968;854
9001;1024973;3
9001;1024976;40
9001;1024979;1847
9001;1024981;3
9001;1024982;1
9001;1024994;1
9001;1024996;193
9001;1024998;6
9001;1025008;342
9001;1025011;2
9001;1025014;3168
9001;1025016;182
9001;1025019;140
9001;1025028;789
9001;1025055;1
9001;1025057;4
9001;1025058;17
9001;1025059;1282
9001;1025060;1046
9001;1025061;30
9001;1025064;1
9001;1025089;29
9001;1025090;59
9001;1025091;80
9001;1025104;241
9001;1025120;176
9001;1025121;201
9001;1025150;1
9001;1025162;125
9001;1025168;388
9001;1025182;4
9001;1025192;192
9001;1025196;84
9001;1025199;126
9001;1025207;225
9001;1025208;239
9001;1025209;8
9001;1025259;3269
9001;1025262;1164
9001;1025276;68
9001;1025278;156
9001;1025316;703
9001;1025317;51
9001;1025324;22
9001;1025361;2168
9001;1025362;264
9001;1025363;771
9001;1025364;6
9001;1025367;35
9001;1025370;11
9001;1025392;55
9001;1025394;1
9001;1025395;71
9001;1025432;29
9001;1025435;163
9001;1025437;857
9001;1025441;1
9001;1025452;461
9001;1025456;1
9001;1025457;11
9001;1025458;8
9001;1025459;671
9001;1025460;485
9001;1025461;672
9001;1025462;492
9001;1025538;1
9001;1025569;288
9001;1025572;288
9001;1025577;13
9001;1025593;288
9001;1025595;5
9001;1025608;36
9001;1025637;575
9001;1025640;78
9001;1025656;258
9001;1025657;444
9001;1025658;220
9001;1025659;494
9001;1025660;2
9001;1025661;89
9001;1025662;103
9001;1025664;144
9001;1025666;245
9001;1025702;70
9001;1025703;19
9001;1025705;199
9001;1025714;1
9001;1025721;3
9001;1025725;6
9001;1025768;512
9001;1025785;14
9001;1025861;10
9001;1025864;1503
9001;1025868;54
9001;1025869;53
9001;1025870;31
9001;1025871;73
9001;1025905;84
9001;1025906;93
9001;1025908;187
9001;1025909;215
9001;1025910;331
9001;1025911;536
9001;1025924;3
9001;1025925;1
9001;1025928;4
9001;1025941;1190
9001;1025970;112
9001;1025971;126
9001;1025973;785
9001;1025974;65
9001;1026000;234
9001;1026002;13
9001;1026033;629
9001;1026034;1586
9001;1026035;192
9001;1026036;254
9001;1026037;202
9001;1026038;1419
9001;1026039;172
9001;1026040;113
9001;1026042;2953
9001;1026043;245
9001;1026044;72
9001;1026047;113
9001;1026048;250
9001;1026050;661
9001;1026051;273
9001;1026052;254
9001;1026054;158
9001;1026059;388
9001;1026060;240
9001;1026067;72
9001;1026068;364
9001;1026070;708
9001;1026072;1204
9001;1026074;287
9001;1026076;130
9001;1026083;264
9001;1026084;252
9001;1026085;120
9001;1026086;33
9001;1026096;14
9001;1026100;1
9001;1026114;85
9001;1026115;80
9001;1026116;88
9001;1026120;159
9001;1026126;150
9001;1026127;277
9001;1026129;42
9001;1026143;2
9001;1026171;2
9001;1026172;13
9001;1026248;31
9001;1026249;14
9001;1026251;39
9001;1026252;30
9001;1026300;583
9001;1026301;430
9001;1026303;515
9001;1026304;411
9001;1026305;708
9001;1026306;1598
9001;1026307;431
9001;1026382;95
9001;1026383;24
9001;1026390;15
9001;1026397;2008
9001;1026398;466
9001;1026399;598
9001;1026400;493
9001;1026406;288
9001;1026408;288
9001;1026410;576
9001;1026414;677
9001;1026428;103
9001;1026432;1
9001;1026453;33
9001;1026481;288
9001;1026482;192
9001;1026488;14
9001;1026495;640
9001;1026503;51
9001;1026546;61
9001;1026547;2213
9001;1026564;1
9001;1026569;1
9001;1026571;3
9001;1026577;12
9001;1026578;15
9001;1026579;8
9001;1026581;119
9001;1026584;612
9001;1026605;246
9001;1026610;4
9001;1026611;3
9001;1026626;240
9001;1026632;1
9001;1026633;288
9001;1026659;223
9001;1026665;96
9001;1026666;361
9001;1026667;214
9001;1026699;129
9001;1026730;6
9001;1026731;568
9001;1026732;99
9001;1026734;552
9001;1026735;282
9001;1026738;3687
9001;1026751;150
9001;1026758;43
9001;1026759;82
9001;1026760;26
9001;1026761;1
9001;1026798;2354
9001;1026800;2789
9001;1026801;2319
9001;1026802;1717
9001;1026803;674
9001;1026804;1033
9001;1026805;1891
9001;1026808;4
9001;1026811;109
9001;1026812;299
9001;1026830;113
9001;1026875;55
9001;1026876;257
9001;1026921;891
9001;1026925;288
9001;1026926;25
9001;1026927;719
9001;1026950;187
9001;1026952;195
9001;1026953;73
9001;1026954;32
9001;1026955;159
9001;1026956;200
9001;1027022;57
9001;1027048;25
9001;1027050;186
9001;1027068;1
9001;1027079;64
9001;1027083;110
9001;1027106;117
9001;1027107;69
9001;1027109;62
9001;1027110;59
9001;1027147;365
9001;1027157;1345
9001;1027159;1486
9001;1027160;1581
9001;1027161;937
9001;1027162;265
9001;1027180;480
9001;1027181;288
9001;1027183;180
9001;1027190;19
9001;1027191;3
9001;1027198;21
9001;1027253;2519
9001;1027254;746
9001;1027255;63
9001;1027256;22
9001;1027257;18
9001;1027258;605
9001;1027259;108
9001;1027296;105
9001;1027300;312
9001;1027301;95
9001;1027303;360
9001;1027316;17
9001;1027317;1
9001;1027318;383
9001;1027321;96
9001;1027325;1190
9001;1027326;100
9001;1027366;289
9001;1027367;604
9001;1027371;723
9001;1027373;26
9001;1027376;127
9001;1027377;969
9001;1027380;2131
9001;1027393;6
9001;1027431;13
9001;1027463;8859
9001;1027464;8612
9001;1027475;3239
9001;1027486;96
9001;1027536;201
9001;1027547;204
9001;1027548;197
9001;1027633;1
9001;1027635;267
9001;1027640;137
9001;1027675;73
9001;1027677;275
9001;1027679;276
9001;1027680;508
9001;1027685;1
9001;1027686;114
9001;1027687;35
9001;1027689;3
9001;1027729;122
9001;1027731;209
9001;1027787;4
9001;1027789;1
9001;1027790;4
9001;1027793;2
9001;1027798;4
9001;1027800;3
9001;1027808;180
9001;1027809;1
9001;1027821;1
9001;1027822;3
9001;1027823;241
9001;1027825;180
9001;1027827;24
9001;1027898;47
9001;1027914;341
9001;1027922;27
9001;1027923;1
9001;1027932;5
9001;1027934;5
9001;1027947;119
9001;1027948;159
9001;1027952;760
9001;1027954;429
9001;1027973;5
9001;1027976;944
9001;1027977;737
9001;1027980;94
9001;1027981;107
9001;1027983;472
9001;1027986;12
9001;1027994;69
9001;1028026;2065
9001;1028060;1
9001;1028062;18
9001;1028063;21
9001;1028064;998
9001;1028068;1324
9001;1028073;960
9001;1028074;1536
9001;1028076;623
9001;1028077;384
9001;1028079;720
9001;1028080;1
9001;1028086;1802
9001;1028105;165
9001;1028109;18
9001;1028110;249
9001;1028111;162
9001;1028117;15
9001;1028124;332
9001;1028127;1
9001;1028177;3
9001;1028191;85
9001;1028202;1358
9001;1028203;1025
9001;1028226;2741
9001;1028227;1745
9001;1028229;1017
9001;1028230;2570
9001;1028232;3946
9001;1028233;5060
9001;1028235;450
9001;1028238;35
9001;1028244;46
9001;1028246;61
9001;1028247;19
9001;1028276;1
9001;1028285;2
9001;1028289;1
9001;1028291;1
9001;1028292;8
9001;1028297;2
9001;1028300;42
9001;1028301;5
9001;1028303;8
9001;1028304;483
9001;1028319;1908
9001;1028320;743
9001;1028322;3
9001;1028324;1
9001;1028327;3
9001;1028328;96
9001;1028333;3
9001;1028349;480
9001;1028378;29
9001;1028379;35
9001;1028380;5
9001;1028381;19
9001;1028388;9
9001;1028391;3
9001;1028392;3
9001;1028409;548
9001;1028426;922
9001;1028427;3
9001;1028448;618
9001;1028449;358
9001;1028452;4
9001;1028455;5
9001;1028456;4
9001;1028460;163
9001;1028462;29
9001;1028464;11
9001;1028466;12
9001;1028472;118
9001;1028473;38
9001;1028485;323
9001;1028487;133
9001;1028489;608
9001;1028494;297
9001;1028551;768
9001;1028552;19118
9001;1028564;1
9001;1028573;1
9001;1028575;2
9001;1028601;3366
9001;1028621;30
9001;1028703;1
9001;1028705;300
9001;1028708;288
9001;1028710;26
9001;1028711;120
9001;1028726;7
9001;1028727;299
9001;1028740;21
9001;1028752;233
9001;1028779;1
9001;1028780;48
9001;1028781;20
9001;1028782;1
9001;1028783;195
9001;1028784;281
9001;1028785;2
9001;1028786;34
9001;1028792;123
9001;1028796;250
9001;1028806;413
9001;1028817;1
9001;1028818;2
9001;1028853;149
9001;1028854;6
9001;1028855;25
9001;1028857;150
9001;1028859;151
9001;1028860;603
9001;1028861;121
9001;1028868;355
9001;1028869;508
9001;1028870;360
9001;1028879;327
9001;1028885;2
9001;1028886;318
9001;1028892;248
9001;1028899;4
9001;1028902;14
9001;1028905;553
9001;1028927;3
9001;1028931;1
9001;1028935;702
9001;1028936;275
9001;1028941;645
9001;1028943;57
9001;1028946;1
9001;1028949;9
9001;1028950;40
9001;1028952;3
9001;1028953;60
9001;1028954;1077
9001;1028957;1425
9001;1028958;3
9001;1028962;72
9001;1028969;392
9001;1028970;1
9001;1028972;156
9001;1028975;1213
9001;1028976;785
9001;1028977;443
9001;1028978;981
9001;1028982;13
9001;1028983;5425
9001;1028995;1
9001;1028997;9
9001;1028998;11
9001;1028999;6
9001;1029003;3
9001;1029006;36
9001;1029015;24
9001;1029018;2
9001;1029019;1
9001;1029020;1
9001;1029023;90
9001;1029038;93
9001;1029054;3
9001;1029056;1
9001;1029063;3
9001;1029065;2
9001;1029066;1
9001;1029071;313
9001;1029072;220
9001;1029073;131
9001;1029080;1283
9001;1029081;3122
9001;1029082;543
9001;1029083;185
9001;1029085;134
9001;1029086;133
9001;1029090;416
9001;1029091;616
9001;1029169;82
9001;1029171;79
9001;1029172;66
9001;1029173;63
9001;1029174;77
9001;1029175;67
9001;1029176;89
9001;1029181;3
9001;1029183;1
9001;1029187;254
9001;1029188;64
9001;1029189;52
9001;1029190;56
9001;1029191;49
9001;1029256;133
9001;1029257;62
9001;1029259;59
9001;1029270;6
9001;1029274;60
9001;1029282;12
9001;1029283;57
9001;1029286;27
9001;1029290;642
9001;1029319;926
9001;1029320;705
9001;1029324;9
9001;1029337;1774
9001;1029338;512
9001;1029339;1491
9001;1029340;816
9001;1029341;148
9001;1029342;858
9001;1029343;78
9001;1029344;3
9001;1029345;800
9001;1029346;932
9001;1029347;613
9001;1029349;942
9001;1029350;1048
9001;1029351;48
9001;1029353;6
9001;1029355;145
9001;1029357;8
9001;1029359;295
9001;1029360;8
9001;1029363;1
9001;1029366;60
9001;1029368;69
9001;1029369;228
9001;1029382;63
9001;1029403;15855
9001;1029417;72
9001;1029419;576
9001;1029432;26
9001;1029434;1
9001;1029437;11
9001;1029445;302
9001;1029446;373
9001;1029447;1153
9001;1029471;3
9001;1029499;7
9001;1029501;9
9001;1029512;55
9001;1029515;16
9001;1029525;324
9001;1029526;288
9001;1029527;12
9001;1029528;3
9001;1029529;210
9001;1029531;117
9001;1029534;73
9001;1029536;288
9001;1029537;361
9001;1029538;230
9001;1029539;360
9001;1029549;4
9001;1029576;144
9001;1029581;242
9001;1029582;207
9001;1029583;5
9001;1029584;170
9001;1029585;155
9001;1029590;1
9001;1029591;1
9001;1029592;1
9001;1029593;2
9001;1029601;3
9001;1029602;4
9001;1029603;4
9001;1029605;4
9001;1029606;1
9001;1029611;47
9001;1029612;805
9001;1029615;270
9001;1029616;102
9001;1029621;1
9001;1029622;5
9001;1029623;184
9001;1029733;93
9001;1029736;498
9001;1029741;1
9001;1029742;602
9001;1029743;576
9001;1029752;8
9001;1029773;480
9001;1029777;51
9001;1029778;6
9001;1029780;1
9001;1029781;299
9001;1029782;78
9001;1029783;190
9001;1029784;300
9001;1029785;210
9001;1029813;31
9001;1029816;435
9001;1029817;335
9001;1029818;37
9001;1029820;180
9001;1029830;102
9001;1029831;1
9001;1029832;93
9001;1029844;284
9001;1029853;12
9001;1029854;459
9001;1029856;28
9001;1029871;1766
9001;1029876;42
9001;1029885;663
9001;1029899;511
9001;1029904;3
9001;1029906;699
9001;1029908;1
9001;1029971;1
9001;1029972;3
9001;1029983;9
9001;1029988;72
9001;1029989;233
9001;1029990;129
9001;1029998;216
9001;1029999;258
9001;1030000;95
9001;1030001;985
9001;1030003;185
9001;1030006;3
9001;1030035;4
9001;1030036;452
9001;1030044;401
9001;1030045;7
9001;1030046;60
9001;1030047;3
9001;1030049;3
9001;1030055;180
9001;1030056;240
9001;1030087;1530
9001;1030088;283
9001;1030089;752
9001;1030090;180
9001;1030091;533
9001;1030092;180
9001;1030094;413
9001;1030105;17
9001;1030112;1282
9001;1030113;1165
9001;1030114;270
9001;1030115;2
9001;1030116;1
9001;1030118;842
9001;1030125;166
9001;1030126;256
9001;1030132;3
9001;1030133;699
9001;1030137;165
9001;1030139;106
9001;1030148;108
9001;1030149;105
9001;1030150;102
9001;1030183;2
9001;1030185;2
9001;1030197;1
9001;1030227;654
9001;1030230;219
9001;1030231;520
9001;1030232;114
9001;1030241;2506
9001;1030242;240
9001;1030246;693
9001;1030248;310
9001;1030260;4
9001;1030271;510
9001;1030272;456
9001;1030273;8
9001;1030303;148
9001;1030304;1563
9001;1030308;5
9001;1030311;65
9001;1030312;32
9001;1030313;8
9001;1030314;4
9001;1030315;21
9001;1030316;36
9001;1030317;21
9001;1030318;13
9001;1030320;17
9001;1030321;3
9001;1030322;19
9001;1030323;36
9001;1030324;136
9001;1030326;59
9001;1030327;34
9001;1030329;3
9001;1030330;1
9001;1030332;8
9001;1030333;21
9001;1030334;16
9001;1030335;84
9001;1030336;48
9001;1030338;58
9001;1030339;17
9001;1030340;12
9001;1030341;4
9001;1030342;12
9001;1030343;70
9001;1030344;112
9001;1030345;77
9001;1030347;3
9001;1030348;6
9001;1030349;48
9001;1030352;36
9001;1030353;8
9001;1030354;5
9001;1030356;31
9001;1030357;51
9001;1030358;69
9001;1030360;35
9001;1030361;15
9001;1030362;17
9001;1030363;35
9001;1030364;7
9001;1030365;59
9001;1030366;11
9001;1030368;98
9001;1030380;170
9001;1030381;130
9001;1030389;195
9001;1030390;169
9001;1030391;24
9001;1030393;284
9001;1030395;234
9001;1030397;33
9001;1030399;402
9001;1030400;104
9001;1030402;402
9001;1030405;182
9001;1030407;105
9001;1030408;2
9001;1030413;39
9001;1030414;19
9001;1030416;315
9001;1030417;952
9001;1030420;495
9001;1030454;41
9001;1030456;3087
9001;1030457;2333
9001;1030461;8
9001;1030463;4
9001;1030464;15
9001;1030468;1
9001;1030472;39
9001;1030477;1
9001;1030478;3
9001;1030484;5
9001;1030485;8
9001;1030486;1354
9001;1030488;115
9001;1030494;1
9001;1030498;1
9001;1030504;1
9001;1030510;1
9001;1030512;1
9001;1030513;1
9001;1030516;1
9001;1030519;3
9001;1030529;1
9001;1030538;453
9001;1030561;2226
9001;1030566;2
9001;1030571;199
9001;1030586;42
9001;1030630;82
9001;1030633;127
9001;1030634;97
9001;1030639;4
9001;1030640;1
9001;1030641;651
9001;1030673;6
9001;1030674;299
9001;1030678;136
9001;1030679;393
9001;1030690;2
9001;1030696;22
9001;1030697;28
9001;1030709;1
9001;1030710;202
9001;1030713;1
9001;1030721;907
9001;1030722;432
9001;1030726;42
9001;1030727;73
9001;1030728;362
9001;1030729;24
9001;1030731;303
9001;1030732;798
9001;1030734;6
9001;1030735;10
9001;1030737;110
9001;1030754;207
9001;1030755;137
9001;1030785;24
9001;1030786;259
9001;1030787;12
9001;1030791;33
9001;1030794;1
9001;1030795;255
9001;1030846;95
9001;1030847;91
9001;1030848;74
9001;1030850;93
9001;1030856;92
9001;1030857;77
9001;1030858;81
9001;1030859;85
9001;1030861;240
9001;1030864;95
9001;1030877;439
9001;1030880;144
9001;1030881;225
9001;1030882;198
9001;1030884;607
9001;1030894;7157
9001;1030895;2
9001;1030899;1
9001;1030904;105
9001;1030906;430
9001;1030907;824
9001;1030909;164
9001;1030919;49
9001;1030922;86
9001;1030930;32
9001;1030932;6
9001;1030933;26
9001;1030935;39
9001;1030938;468
9001;1030940;5
9001;1030941;470
9001;1030946;2513
9001;1030949;76
9001;1030950;483
9001;1030951;3058
9001;1030952;507
9001;1030978;157
9001;1030979;2
9001;1030981;3
9001;1030982;629
9001;1030983;366
9001;1030985;9
9001;1030988;89
9001;1030990;90
9001;1030991;352
9001;1030992;36
9001;1030995;72
9001;1030998;94
9001;1031001;4
9001;1031007;145
9001;1031010;386
9001;1031018;1
9001;1031020;49
9001;1031021;120
9001;1031025;991
9001;1031028;1
9001;1031031;2
9001;1031035;408
9001;1031042;208
9001;1031043;424
9001;1031046;120
9001;1031047;120
9001;1031048;144
9001;1031049;604
9001;1031050;720
9001;1031051;1
9001;1031052;504
9001;1031053;1
9001;1031066;94
9001;1031085;1
9001;1031105;3
9001;1031107;852
9001;1031111;17
9001;1031115;161
9001;1031116;164
9001;1031117;983
9001;1031118;142
9001;1031155;278
9001;1031157;270
9001;1031159;104
9001;1031162;46
9001;1031165;312
9001;1031166;56
9001;1031167;1
9001;1031168;2
9001;1031169;223
9001;1031170;289
9001;1031171;2
9001;1031172;139
9001;1031177;19
9001;1031183;2
9001;1031187;12
9001;1031191;2
9001;1031194;6
9001;1031195;1
9001;1031198;1
9001;1031205;163
9001;1031206;1407
9001;1031209;2
9001;1031211;1
9001;1031217;1
9001;1031250;1230
9001;1031261;1
9001;1031272;6
9001;1031275;7
9001;1031276;3
9001;1031278;1
9001;1031279;4
9001;1031280;3
9001;1031281;34
9001;1031283;1
9001;1031284;15
9001;1031285;755
9001;1031292;440
9001;1031295;6
9001;1031296;176
9001;1031319;1
9001;1031320;3
9001;1031321;1
9001;1031325;3
9001;1031338;20
9001;1031340;3991
9001;1031341;2000
9001;1031342;1471
9001;1031343;157
9001;1031345;82
9001;1031346;145
9001;1031362;446
9001;1031363;319
9001;1031364;545
9001;1031384;120
9001;1031385;180
9001;1031407;170
9001;1031412;329
9001;1031413;4
9001;1031414;12
9001;1031415;77
9001;1031416;230
9001;1031417;1
9001;1031420;191
9001;1031421;174
9001;1031426;239
9001;1031427;396
9001;1031428;401
9001;1031429;523
9001;1031430;565
9001;1031432;235
9001;1031433;227
9001;1031434;2
9001;1031435;15
9001;1031465;3
9001;1031466;10
9001;1031467;1
9001;1031512;297
9001;1031528;9
9001;1031544;5
9001;1031545;63
9001;1031547;23
9001;1031555;6
9001;1031562;236
9001;1031580;288
9001;1031583;2921
9001;1031594;257
9001;1031597;788
9001;1031598;632
9001;1031599;340
9001;1031607;126
9001;1031608;221
9001;1031609;21
9001;1031610;150
9001;1031611;141
9001;1031613;136
9001;1031617;186
9001;1031618;505
9001;1031619;104
9001;1031627;2
9001;1031628;150
9001;1031631;1
9001;1031633;34
9001;1031642;1
9001;1031646;2
9001;1031649;6
9001;1031658;2
9001;1031659;4
9001;1031661;1
9001;1031664;103
9001;1031670;1
9001;1031671;2
9001;1031678;43
9001;1031679;4
9001;1031684;90
9001;1031689;158
9001;1031690;1325
9001;1031691;82
9001;1031692;82
9001;1031693;84
9001;1031694;85
9001;1031695;83
9001;1031696;106
9001;1031697;83
9001;1031698;81
9001;1031699;83
9001;1031700;75
9001;1031701;82
9001;1031702;78
9001;1031703;80
9001;1031704;75
9001;1031705;80
9001;1031706;84
9001;1031707;75
9001;1031708;104
9001;1031709;143
9001;1031710;83
9001;1031714;568
9001;1031724;326
9001;1031728;16
9001;1031729;12
9001;1031730;36
9001;1031731;15
9001;1031734;120
9001;1031737;96
9001;1031748;600
9001;1031750;5
9001;1031751;6
9001;1031755;120
9001;1031756;144
9001;1031762;4
9001;1031763;17
9001;1031768;665
9001;1031769;6
9001;1031770;73
9001;1031771;785
9001;1031772;32
9001;1031773;11
9001;1031775;1
9001;1031778;383
9001;1031781;2
9001;1031786;1751
9001;1031787;431
9001;1031788;726
9001;1031790;334
9001;1031803;112
9001;1031805;376
9001;1031808;323
9001;1031811;8
9001;1031813;277
9001;1031818;111
9001;1031819;783
9001;1031820;205
9001;1031821;114
9001;1031822;214
9001;1031828;309
9001;1031829;170
9001;1031844;2563
9001;1031857;12
9001;1031858;301
9001;1031862;306
9001;1031863;72
9001;1031864;64
9001;1031865;240
9001;1031866;180
9001;1031869;181
9001;1031870;5
9001;1031871;121
9001;1031872;143
9001;1031875;48
9001;1031876;72
9001;1031890;36
9001;1031892;59
9001;1031893;240
9001;1031894;136
9001;1031897;126
9001;1031899;36
9001;1031901;54
9001;1031904;136
9001;1031905;147
9001;1031915;144
9001;1031916;35
9001;1031921;5
9001;1031935;9
9001;1031937;360
9001;1031938;449
9001;1031939;26
9001;1031941;786
9001;1031944;1
9001;1031956;52
9001;1031958;16
9001;1031959;2
9001;1031961;150
9001;1031962;6
9001;1031963;300
9001;1031964;120
9001;1031967;2746
9001;1031969;300
9001;1031979;5
9001;1031980;1285
9001;1031983;300
9001;1031985;4
9001;1031986;1708
9001;1031987;2098
9001;1031988;325
9001;1031991;448
9001;1031993;1
9001;1031997;386
9001;1031999;3025
9001;1032000;1310
9001;1032001;442
9001;1032002;331
9001;1032003;21
9001;1032004;896
9001;1032005;293
9001;1032006;480
9001;1032007;254
9001;1032018;2711
9001;1032019;2473
9001;1032020;2182
9001;1032021;1861
9001;1032022;4052
9001;1032023;3936
9001;1032024;3611
9001;1032028;1
9001;1032034;503
9001;1032036;11
9001;1032038;36
9001;1032041;10
9001;1032042;1
9001;1032044;370
9001;1032045;485
9001;1032049;1
9001;1032055;216
9001;1032057;165
9001;1032061;29
9001;1032072;255
9001;1032074;151
9001;1032075;376
9001;1032077;347
9001;1032082;101
9001;1032083;328
9001;1032084;14
9001;1032087;1
9001;1032095;1026
9001;1032098;437
9001;1032099;442
9001;1032100;458
9001;1032102;310
9001;1032103;228
9001;1032104;27
9001;1032108;161
9001;1032131;4076
9001;1032132;4187
9001;1032133;4189
9001;1032134;125
9001;1032135;563
9001;1032137;369
9001;1032148;2691
9001;1032149;5
9001;1032150;5
9001;1032151;1
9001;1032154;153
9001;1032157;7
9001;1032171;1
9001;1032200;20
9001;1032225;52
9001;1032226;648
9001;1032231;15
9001;1032232;4
9001;1032233;3
9001;1032235;3
9001;1032238;392
9001;1032239;1
9001;1032240;7
9001;1032246;3
9001;1032259;108
9001;1032261;4
9001;1032263;15
9001;1032270;1
9001;1032271;1
9001;1032272;446
9001;1032273;150
9001;1032274;2
9001;1032275;2
9001;1032276;128
9001;1032277;177
9001;1032278;37
9001;1032279;256
9001;1032281;1
9001;1032282;4
9001;1032294;1
9001;1032296;328
9001;1032301;3
9001;1032303;442
9001;1032304;774
9001;1032305;14
9001;1032318;755
9001;1032319;422
9001;1032320;191
9001;1032343;105
9001;1032349;49
9001;1032351;9
9001;1032352;50
9001;1032353;26
9001;1032355;250
9001;1032358;40
9001;1032360;2428
9001;1032368;2
9001;1032383;4
9001;1032386;17
9001;1032405;300
9001;1032411;1071
9001;1032412;894
9001;1032413;88
9001;1032414;29
9001;1032415;560
9001;1032417;1011
9001;1032418;748
9001;1032421;130
9001;1032427;7
9001;1032428;305
9001;1032433;785
9001;1032435;756
9001;1032436;1261
9001;1032437;1303
9001;1032438;17
9001;1032440;2
9001;1032441;38
9001;1032442;144
9001;1032443;146
9001;1032444;337
9001;1032446;36
9001;1032449;12
9001;1032451;12
9001;1032458;7
9001;1032459;267
9001;1032460;250
9001;1032463;384
9001;1032464;1
9001;1032466;647
9001;1032470;600
9001;1032471;2
9001;1032472;604
9001;1032473;83
9001;1032474;1
9001;1032475;460
9001;1032477;506
9001;1032478;962
9001;1032481;1
9001;1032486;31
9001;1032487;2
9001;1032491;3301
9001;1032492;3
9001;1032493;3992
9001;1032494;3
9001;1032495;4519
9001;1032496;1
9001;1032497;2676
9001;1032498;3
9001;1032505;1
9001;1032506;4
9001;1032509;15
9001;1032514;1599
9001;1032516;304
9001;1032517;9
9001;1032518;2
9001;1032519;303
9001;1032520;150
9001;1032521;2
9001;1032522;24
9001;1032523;3
9001;1032524;1
9001;1032526;353
9001;1032527;225
9001;1032528;33
9001;1032530;2
9001;1032531;3
9001;1032532;4
9001;1032533;48
9001;1032535;10
9001;1032537;4
9001;1032538;1
9001;1032539;6
9001;1032546;46
9001;1032550;72
9001;1032554;1
9001;1032558;4360
9001;1032559;2
9001;1032563;2
9001;1032565;13
9001;1032566;1
9001;1032581;23
9001;1032582;47
9001;1032593;10
9001;1032599;117
9001;1032600;2
9001;1032615;206
9001;1032616;41
9001;1032618;5
9001;1032639;4
9001;1032640;216
9001;1032641;283
9001;1032642;200
9001;1032643;134
9001;1032644;291
9001;1032645;145
9001;1032646;377
9001;1032647;3
9001;1032648;2
9001;1032649;2
9001;1032650;331
9001;1032651;2
9001;1032652;264
9001;1032653;1
9001;1032656;2
9001;1032657;38
9001;1032658;69
9001;1032663;9
9001;1032664;14
9001;1032667;1
9001;1032671;9
9001;1032672;13
9001;1032673;21
9001;1032674;8
9001;1032675;10
9001;1032676;1
9001;1032677;16
9001;1032679;2470
9001;1032680;77
9001;1032682;58
9001;1032687;133
9001;1032690;1
9001;1032691;209
9001;1032694;1
9001;1032697;609
9001;1032726;212
9001;1032803;7
9001;1032804;417
9001;1032806;2212
9001;1032807;640
9001;1032811;274
9001;1032829;54
9001;1032830;212
9001;1032832;344
9001;1032833;145
9001;1032841;6
9001;1032861;301
9001;1032862;1
9001;1032864;504
9001;1032882;37
9001;1032896;48
9001;1032899;245
9001;1032900;84
9001;1032948;3
9001;1032949;1535
9001;1032950;2
9001;1032951;3198
9001;1032964;1
9001;1032965;6
9001;1032966;361
9001;1032967;5
9001;1032969;16
9001;1032971;90
9001;1032973;1
9001;1032989;575
9001;1032991;1072
9001;1032993;1450
9001;1032996;839
9001;1032997;95
9001;1032998;141
9001;1032999;5
9001;1033010;8
9001;1033018;1
9001;1033019;1
9001;1033020;24
9001;1033021;29
9001;1033022;3
9001;1033048;189
9001;1033078;1
9001;1033079;217
9001;1033080;36
9001;1033081;90
9001;1033082;239
9001;1033083;45
9001;1033084;80
9001;1033087;15
9001;1033091;3
9001;1033092;208
9001;1033093;3
9001;1033095;15
9001;1033096;86
9001;1033097;1
9001;1033098;131
9001;1033100;186
9001;1033101;9
9001;1033103;77
9001;1033104;216
9001;1033105;3640
9001;1033106;1558
9001;1033107;1325
9001;1033109;17
9001;1033110;249
9001;1033111;301
9001;1033112;1
9001;1033114;177
9001;1033117;122
9001;1033118;84
9001;1033128;868
9001;1033129;1401
9001;1033130;1352
9001;1033131;1719
9001;1033132;1730
9001;1033133;1724
9001;1033134;1762
9001;1033135;1673
9001;1033136;1169
9001;1033137;646
9001;1033138;1335
9001;1033140;1231
9001;1033141;1341
9001;1033142;1720
9001;1033143;1596
9001;1033144;1662
9001;1033145;1637
9001;1033146;1604
9001;1033147;90
9001;1033149;263
9001;1033153;9
9001;1033164;58
9001;1033165;86
9001;1033168;98
9001;1033169;96
9001;1033172;188
9001;1033173;122
9001;1033174;120
9001;1033192;291
9001;1033198;12
9001;1033199;5
9001;1033202;1
9001;1033204;23
9001;1033205;420
9001;1033206;276
9001;1033208;24
9001;1033210;144
9001;1033213;1
9001;1033214;74
9001;1033215;110
9001;1033218;100
9001;1033220;115
9001;1033221;5
9001;1033225;1
9001;1033228;36
9001;1033229;7
9001;1033232;793
9001;1033253;2
9001;1033254;2
9001;1033266;15
9001;1033275;1243
9001;1033277;362
9001;1033278;8
9001;1033279;267
9001;1033282;34
9001;1033291;4
9001;1033293;2
9001;1033294;3
9001;1033295;4
9001;1033296;175
9001;1033297;2
9001;1033298;2
9001;1033299;2
9001;1033302;1
9001;1033309;144
9001;1033311;1
9001;1033315;5
9001;1033316;3
9001;1033318;2
9001;1033320;48
9001;1033322;5
9001;1033324;7
9001;1033325;238
9001;1033326;66
9001;1033327;236
9001;1033328;277
9001;1033329;249
9001;1033330;127
9001;1033331;604
9001;1033333;1
9001;1033334;1
9001;1033344;178
9001;1033345;178
9001;1033346;178
9001;1033347;178
9001;1033365;2
9001;1033369;3
9001;1033370;1
9001;1033376;1
9001;1033382;1
9001;1033388;1
9001;1033389;1
9001;1033390;6
9001;1033391;1
9001;1033393;1
9001;1033394;2
9001;1033407;1
9001;1033408;60
9001;1033410;180
9001;1033411;2
9001;1033416;461
9001;1033420;240
9001;1033422;180
9001;1033423;144
9001;1033425;97
9001;1033428;5
9001;1033429;730
9001;1033438;120
9001;1033439;69
9001;1033441;51
9001;1033442;144
9001;1033443;1
9001;1033445;144
9001;1033450;240
9001;1033455;2
9001;1033456;1
9001;1033457;51
9001;1033458;120
9001;1033459;144
9001;1033460;4
9001;1033461;5
9001;1033462;3
9001;1033463;5
9001;1033465;649
9001;1033468;85
9001;1033469;176
9001;1033470;1634
9001;1033471;459
9001;1033472;25
9001;1033473;6
9001;1033474;2
9001;1033486;21
9001;1033488;2
9001;1033490;690
9001;1033491;30
9001;1033495;818
9001;1033496;261
9001;1033497;72
9001;1033498;315
9001;1033500;328
9001;1033508;1473
9001;1033509;3428
9001;1033510;72
9001;1033511;1
9001;1033513;1
9001;1033514;1
9001;1033517;1
9001;1033523;405
9001;1033524;138
9001;1033525;400
9001;1033526;3
9001;1033527;34
9001;1033536;1
9001;1033537;1
9001;1033538;2
9001;1033539;1
9001;1033540;1
9001;1033541;1
9001;1033542;2
9001;1033543;2
9001;1033544;1
9001;1033545;1
9001;1033546;1
9001;1033547;2
9001;1033548;1
9001;1033550;1
9001;1033551;1
9001;1033552;1
9001;1033553;6
9001;1033554;1
9001;1033555;1
9001;1033556;1
9001;1033557;2
9001;1033558;1
9001;1033559;2
9001;1033560;2
9001;1033561;1
9001;1033562;1
9001;1033563;1
9001;1033566;1
9001;1033567;1
9001;1033569;1
9001;1033570;1
9001;1033571;1
9001;1033572;1
9001;1033575;2
9001;1033576;1
9001;1033577;1
9001;1033588;2
9001;1033591;1
9001;1033593;1
9001;1033595;1
9001;1033596;1
9001;1033597;2
9001;1033598;62
9001;1033599;1
9001;1033601;72
9001;1033602;155
9001;1033603;88
9001;1033604;80
9001;1033605;49
9001;1033606;8
9001;1033607;74
9001;1033608;1
9001;1033609;2
9001;1033610;78
9001;1033611;1
9001;1033613;1
9001;1033614;2
9001;1033615;1
9001;1033616;1
9001;1033617;1
9001;1033618;1
9001;1033619;1
9001;1033620;2
9001;1033628;11
9001;1033629;178
9001;1033630;178
9001;1033631;178
9001;1033632;178
9001;1033633;78
9001;1033634;11
9001;1033635;11
9001;1033636;9
9001;1033637;11
9001;1033638;11
9001;1033651;61
9001;1033658;45
9001;1033659;17400
9001;1033660;6
9001;1033668;121
9001;1033669;500
9001;1033670;1005
9001;1033673;7
9001;1033674;4
9001;1033675;2
9001;1033676;3
9001;1033677;75
9001;1033684;7
9001;1033685;7
9001;1033686;2
9001;1033687;5
9001;1033689;44
9001;1033690;2
9001;1033692;44
9001;1033693;44
9001;1033699;44
9001;1033700;44
9001;1033709;44
9001;1033711;2
9001;1033714;44
9001;1033721;16
9001;1033733;23
9001;1033738;75
9001;1033739;75
9001;1033740;75
9001;1033741;75
9001;1033742;54
9001;1033743;44
9001;1033744;17
9001;1033745;44
9001;1033747;44
9001;1033748;44
9001;1033749;44
9001;1033750;44
9001;1033751;44
9001;1033754;7
9001;1033755;7
9001;1033764;17
9001;1033766;44
9001;1033767;11
9001;1033768;9
9001;1033770;7
9001;1033771;7
9001;1033774;32
9001;1033775;44
9001;1033776;44
9001;1033777;44
9001;1033778;1
9001;1033779;8
9001;1033780;8
9001;1033781;8
9001;1033782;8
9001;1033783;8
9001;1033784;1
9001;1033785;44
9001;1033786;7
9001;1033789;44
9001;1033792;8
9001;1033797;44
9001;1033800;22
9001;1033801;4
9001;1033806;2
9001;1033809;44
9001;1033812;44
9001;1033815;44
9001;1033816;44
9001;1033818;44
9001;1033819;44
9001;1033820;44
9001;1033821;5
9001;1033822;8
9001;1033823;1
9001;1033824;9
9001;1033832;7
9001;1033833;2
9001;1033834;2
9001;1033835;2
9001;1033836;2
9001;1033837;5
9001;1033841;87
9001;1033842;85
9001;1033843;85
9001;1033844;85
9001;1033845;87
9001;1033846;83
9001;1033847;87
9001;1033858;4
9001;1033859;2
9001;1033860;3
9001;1033861;3
9001;1033863;631
9001;1033866;110
9001;1033868;87
9001;1033869;87
9001;1033870;87
9001;1033871;87
9001;1033872;87
9001;1033880;47
9001;1033882;2
9001;1033889;300
9001;1033890;207
9001;1033892;547
9001;1033893;313
9001;1033894;478
9001;1033895;6
9001;1033896;69
9001;1033897;62
9001;1033900;424
9001;1033903;485
9001;1033904;563
9001;1033906;20
9001;1033907;1
9001;1033917;5
9001;1033921;5
9001;1033923;29
9001;1033924;1
9001;1033925;7
9001;1033933;185
9001;1033934;273
9001;1033935;13
9001;1033937;6
9001;1033938;52
9001;1033942;570
9001;1033943;403
9001;1033945;5
9001;1033948;144
9001;1033950;90
9001;1033952;4
9001;1033955;760
9001;1033956;1162
9001;1033966;1
9001;1034004;46
9001;1034008;2517
9001;1034028;24
9001;1034029;861
9001;1034030;48
9001;1034032;4
9001;1034033;42
9001;1034035;776
9001;1034037;116
9001;1034039;473
9001;1034040;363
9001;1034041;494
9001;1034042;352
9001;1034043;472
9001;1034058;98
9001;1034083;1021
9001;1034120;159
9001;1034121;204
9001;1034122;198
9001;1034123;201
9001;1034124;200
9001;1034125;200
9001;1034126;201
9001;1034127;186
9001;1034128;195
9001;1034129;204
9001;1034145;18
9001;1034146;18
9001;1034150;204
9001;1034152;204
9001;1034154;204
9001;1034155;201
9001;1034156;201
9001;1034158;24
9001;1034160;204
9001;1034162;200
9001;1034165;200
9001;1034166;200
9001;1034167;198
9001;1034169;201
9001;1034170;201
9002;1000069;736
9002;1000081;38
9002;1000082;382
9002;1000087;31
9002;1000094;872
9002;1000095;629
9002;1000096;811
9002;1000100;91
9002;1000113;695
9002;1000114;1270
9002;1000215;26
9002;1000359;269
9002;1000529;124
9002;1000585;1381
9002;1000595;9
9002;1000627;29
9002;1000629;1
9002;1000666;52
9002;1000668;11
9002;1000681;3
9002;1000688;616
9002;1000689;242
9002;1000690;34
9002;1000693;1
9002;1000697;224
9002;1000702;774
9002;1000703;744
9002;1000724;267
9002;1000725;129
9002;1000726;34
9002;1000727;261
9002;1000729;216
9002;1000732;33
9002;1000734;10
9002;1000735;36
9002;1000737;45
9002;1000742;51
9002;1000745;43
9002;1000748;109
9002;1000749;607
9002;1000753;92
9002;1000757;15
9002;1000762;47
9002;1000764;52
9002;1000767;145
9002;1000769;142
9002;1000770;64
9002;1000771;97
9002;1000774;125
9002;1000775;23
9002;1000776;125
9002;1000778;32
9002;1000781;40
9002;1000782;78
9002;1000784;1
9002;1000787;31
9002;1000789;498
9002;1000805;10
9002;1000806;8
9002;1000807;25
9002;1000813;284
9002;1000814;27
9002;1000822;247
9002;1000823;21
9002;1000824;11
9002;1000826;143
9002;1000827;634
9002;1000828;28
9002;1000834;161
9002;1000841;41
9002;1000851;66
9002;1000855;213
9002;1000856;6
9002;1000859;421
9002;1000865;5
9002;1000866;51
9002;1000875;39
9002;1000876;19
9002;1000885;697
9002;1000886;14
9002;1000887;2872
9002;1000930;20
9002;1000945;130
9002;1000959;270
9002;1001039;225
9002;1001054;214
9002;1001058;49
9002;1001060;3
9002;1001062;280
9002;1001086;507
9002;1001108;233
9002;1001126;32
9002;1001136;159
9002;1001156;40
9002;1001158;292
9002;1001167;4
9002;1001194;8
9002;1001215;223
9002;1001216;399
9002;1001224;1094
9002;1001332;212
9002;1001338;210
9002;1001339;115
9002;1001341;156
9002;1001345;296
9002;1001347;35
9002;1001351;275
9002;1001352;156
9002;1001354;320
9002;1001355;139
9002;1001383;203
9002;1001394;365
9002;1001398;368
9002;1001399;60
9002;1001402;80
9002;1001403;36
9002;1001405;240
9002;1001406;57
9002;1001409;391
9002;1001412;144
9002;1001415;205
9002;1001426;331
9002;1001432;114
9002;1001440;420
9002;1001445;195
9002;1001446;24
9002;1001470;33
9002;1001471;968
9002;1001478;36
9002;1001482;36
9002;1001483;15
9002;1001485;187
9002;1001486;485
9002;1001490;180
9002;1001492;120
9002;1001495;22
9002;1001503;12
9002;1001546;228
9002;1001547;216
9002;1001548;114
9002;1001590;181
9002;1001592;24
9002;1001626;171
9002;1001627;717
9002;1001633;98
9002;1001643;135
9002;1001655;15
9002;1001659;31
9002;1001660;806
9002;1001662;1832
9002;1001664;5
9002;1001668;10
9002;1001671;169
9002;1001674;72
9002;1001682;216
9002;1001683;260
9002;1001684;4
9002;1001705;305
9002;1001711;29
9002;1001716;168
9002;1001719;7
9002;1001724;297
9002;1001729;840
9002;1001732;288
9002;1001745;480
9002;1001749;24
9002;1001761;288
9002;1001763;12
9002;1001766;312
9002;1001767;180
9002;1001780;144
9002;1001788;403
9002;1001848;3
9002;1001851;9
9002;1001854;38
9002;1001861;162
9002;1001862;23
9002;1001864;56
9002;1001912;202
9002;1001913;444
9002;1001914;475
9002;1001915;1054
9002;1001916;64
9002;1001917;1817
9002;1001918;354
9002;1001920;525
9002;1001929;622
9002;1001930;469
9002;1001931;177
9002;1001934;171
9002;1001938;101
9002;1001940;643
9002;1001941;606
9002;1001942;1923
9002;1001943;1131
9002;1001944;307
9002;1001956;645
9002;1001973;167
9002;1001981;6
9002;1001987;510
9002;1002003;309
9002;1002037;592
9002;1002066;1323
9002;1002067;185
9002;1002069;77
9002;1002071;4
9002;1002072;53
9002;1002073;26
9002;1002074;54
9002;1002077;127
9002;1002079;30
9002;1002081;448
9002;1002082;1129
9002;1002083;25
9002;1002086;12
9002;1002091;296
9002;1002101;273
9002;1002116;288
9002;1002121;10
9002;1002125;288
9002;1002128;135
9002;1002137;906
9002;1002248;696
9002;1002255;930
9002;1002267;38
9002;1002268;740
9002;1002269;908
9002;1002270;47
9002;1002271;215
9002;1002273;151
9002;1002283;54
9002;1002309;9
9002;1002311;12
9002;1002316;18
9002;1002365;349
9002;1002367;26
9002;1002369;1
9002;1002370;166
9002;1002372;3
9002;1002437;1
9002;1002439;10
9002;1002448;269
9002;1002451;223
9002;1002523;14
9002;1002769;967
9002;1002806;1712
9002;1002820;991
9002;1002822;1440
9002;1002824;1561
9002;1002825;43
9002;1002826;235
9002;1002833;6
9002;1002841;166
9002;1002855;3
9002;1002859;113
9002;1002861;124
9002;1002871;57
9002;1002872;159
9002;1003063;447
9002;1003150;50
9002;1003151;128
9002;1003162;251
9002;1003174;71
9002;1003194;27
9002;1003202;1766
9002;1003203;510
9002;1003204;86
9002;1003206;228
9002;1003208;134
9002;1003209;42
9002;1003210;202
9002;1003220;366
9002;1003221;237
9002;1003236;1184
9002;1003237;440
9002;1003238;691
9002;1003239;213
9002;1003240;794
9002;1003241;756
9002;1003242;548
9002;1003243;1548
9002;1003244;1699
9002;1003245;1411
9002;1003246;1549
9002;1003247;619
9002;1003248;684
9002;1003249;496
9002;1003250;343
9002;1003253;68
9002;1003256;274
9002;1003260;85
9002;1003262;81
9002;1003263;676
9002;1003264;240
9002;1003265;47
9002;1003266;11
9002;1003268;65
9002;1003282;35
9002;1003302;16
9002;1003318;65
9002;1003319;92
9002;1003323;2
9002;1003330;261
9002;1003331;232
9002;1003332;7
9002;1003333;93
9002;1003377;515
9002;1003378;419
9002;1003379;34
9002;1003380;143
9002;1003387;128
9002;1003403;169
9002;1003410;1332
9002;1003414;540
9002;1003415;48
9002;1003417;1977
9002;1003418;1321
9002;1003420;1133
9002;1003425;4
9002;1003426;354
9002;1003429;38
9002;1003439;408
9002;1003442;625
9002;1003443;98
9002;1003444;49
9002;1003446;20
9002;1003474;32
9002;1003475;27
9002;1003480;148
9002;1003481;41
9002;1003531;253
9002;1003548;15
9002;1003599;220
9002;1003600;256
9002;1003602;902
9002;1003603;1256
9002;1003611;234
9002;1003612;35
9002;1003613;23
9002;1003616;410
9002;1003617;526
9002;1003618;480
9002;1003620;335
9002;1003621;423
9002;1003623;357
9002;1003624;702
9002;1003626;1225
9002;1003627;1835
9002;1003632;379
9002;1003633;352
9002;1003634;846
9002;1003648;380
9002;1003650;24
9002;1003829;302
9002;1004042;19
9002;1004043;131
9002;1004147;440
9002;1004148;7
9002;1004153;1375
9002;1004154;5
9002;1004217;3
9002;1004228;438
9002;1004230;120
9002;1004233;360
9002;1004235;8
9002;1004325;7
9002;1004327;3
9002;1004336;7
9002;1004337;1
9002;1004389;360
9002;1004397;5
9002;1004400;6
9002;1004435;60
9002;1004507;96
9002;1004509;660
9002;1004511;129
9002;1004516;288
9002;1004548;6
9002;1004556;240
9002;1004563;3
9002;1004604;27
9002;1005229;231
9002;1005233;282
9002;1005235;466
9002;1005269;12
9002;1005270;168
9002;1005295;3
9002;1006470;7
9002;1006538;58
9002;1006540;261
9002;1006550;1625
9002;1006639;269
9002;1006640;20
9002;1006654;220
9002;1006655;538
9002;1006656;313
9002;1006866;180
9002;1006870;501
9002;1007011;21
9002;1007014;558
9002;1007553;2
9002;1007603;19
9002;1007604;5
9002;1007606;23
9002;1007981;60
9002;1008535;180
9002;1008536;144
9002;1008559;2067
9002;1008561;265
9002;1008839;48
9002;1008842;3
9002;1008881;295
9002;1008882;61
9002;1008884;16
9002;1008885;15
9002;1008886;28
9002;1008918;11
9002;1008935;15
9002;1008962;180
9002;1008963;22
9002;1008964;84
9002;1008965;12
9002;1008966;186
9002;1008968;360
9002;1008976;61
9002;1009032;288
9002;1009033;553
9002;1009035;6
9002;1009036;2
9002;1009037;13
9002;1009038;150
9002;1009057;61
9002;1009058;223
9002;1009060;280
9002;1009062;6
9002;1009064;448
9002;1009065;150
9002;1009083;136
9002;1009204;152
9002;1009223;1
9002;1009298;3523
9002;1009299;2007
9002;1009346;1169
9002;1009426;885
9002;1009430;331
9002;1009487;8
9002;1009542;5
9002;1009543;2
9002;1009577;152
9002;1009578;5377
9002;1009596;1631
9002;1009627;10
9002;1009629;266
9002;1009630;298
9002;1009631;855
9002;1009633;4
9002;1009688;32
9002;1009723;10
9002;1009738;1184
9002;1009742;22
9002;1009743;25
9002;1009744;34
9002;1009746;66
9002;1009747;71
9002;1009748;55
9002;1009750;62
9002;1009751;5
9002;1009753;87
9002;1009756;17
9002;1009818;228
9002;1009862;135
9002;1009863;2
9002;1009915;783
9002;1010119;198
9002;1010134;103
9002;1010142;24040
9002;1010194;841
9002;1010208;90
9002;1010262;13554
9002;1010297;2440
9002;1010335;428
9002;1010336;288
9002;1010340;16
9002;1010788;67
9002;1010895;236
9002;1010907;180
9002;1010912;414
9002;1010927;8
9002;1010931;2
9002;1010992;1
9002;1010993;120
9002;1010994;1365
9002;1010995;810
9002;1010998;484
9002;1011090;152
9002;1011091;89
9002;1011196;91
9002;1011351;3
9002;1011353;4207
9002;1011354;318
9002;1011409;2
9002;1011418;2
9002;1011419;1
9002;1011425;6
9002;1011440;5
9002;1011470;29
9002;1011481;201
9002;1011483;201
9002;1011486;201
9002;1011492;201
9002;1011493;201
9002;1011497;288
9002;1011505;373
9002;1011506;264
9002;1011561;4
9002;1011575;9
9002;1011577;31
9002;1011585;2371
9002;1011696;5
9002;1011752;293
9002;1011817;389
9002;1011863;13
9002;1011956;17
9002;1011957;2
9002;1011981;334
9002;1011982;364
9002;1011983;232
9002;1011984;206
9002;1011985;267
9002;1011987;45
9002;1011988;128
9002;1011990;135
9002;1011991;401
9002;1011992;212
9002;1011993;242
9002;1011994;74
9002;1012004;507
9002;1012026;2353
9002;1012027;11
9002;1012163;1953
9002;1012167;204
9002;1012169;5
9002;1012171;210
9002;1012176;22
9002;1012198;8
9002;1012208;7
9002;1012209;6
9002;1012222;488
9002;1012233;70
9002;1012309;120
9002;1012348;177
9002;1012351;67
9002;1012377;217
9002;1012401;947
9002;1012403;3
9002;1012433;3
9002;1012478;19
9002;1012525;147
9002;1012894;1252
9002;1012906;80
9002;1012978;259
9002;1013195;5
9002;1013268;730
9002;1013282;4
9002;1013384;821
9002;1013419;47
9002;1013425;72
9002;1013538;733
9002;1013543;2311
9002;1013547;1055
9002;1013549;2995
9002;1013556;11
9002;1013578;550
9002;1013579;300
9002;1013597;508
9002;1013598;274
9002;1013599;697
9002;1013621;708
9002;1013727;1
9002;1013728;54
9002;1013731;26
9002;1013781;72
9002;1013786;216
9002;1013794;60
9002;1013795;324
9002;1013869;391
9002;1013870;4723
9002;1013902;8
9002;1013903;6
9002;1013989;6
9002;1013994;8
9002;1014188;636
9002;1014190;1269
9002;1014191;621
9002;1014193;632
9002;1014194;180
9002;1014195;556
9002;1014282;6
9002;1014284;45
9002;1014285;28
9002;1014299;46
9002;1014314;240
9002;1014323;6
9002;1014385;576
9002;1014403;628
9002;1014522;129
9002;1014523;185
9002;1014558;4
9002;1014560;290
9002;1014594;98
9002;1014597;65
9002;1014599;96
9002;1014600;68
9002;1014601;97
9002;1014605;150
9002;1014606;42
9002;1014608;7
9002;1014641;267
9002;1014646;1835
9002;1014652;258
9002;1015074;17
9002;1015343;283
9002;1015382;68
9002;1015493;17
9002;1015503;8
9002;1015629;5
9002;1015861;6
9002;1015899;200
9002;1015944;72
9002;1015975;35
9002;1016004;98
9002;1016007;23
9002;1016012;63
9002;1016379;9
9002;1016411;92
9002;1016412;1601
9002;1016413;136
9002;1016414;388
9002;1016415;114
9002;1016416;59
9002;1016417;12
9002;1016449;334
9002;1016451;147
9002;1016452;6
9002;1016453;154
9002;1016592;4
9002;1016594;11
9002;1016600;335
9002;1016796;47
9002;1016799;149
9002;1016812;1959
9002;1016813;1685
9002;1016896;53
9002;1016901;309
9002;1016902;126
9002;1016919;216
9002;1016924;103
9002;1016947;24
9002;1016948;27
9002;1016949;3
9002;1016950;300
9002;1016951;12
9002;1016952;300
9002;1016984;26
9002;1016985;15
9002;1016988;23
9002;1017020;332
9002;1017034;52
9002;1017117;2335
9002;1017185;187
9002;1017193;17
9002;1017194;30
9002;1017195;2
9002;1017239;4355
9002;1017404;39
9002;1017405;42
9002;1017406;334
9002;1017442;208
9002;1017444;144
9002;1017459;4
9002;1017461;40
9002;1017479;16
9002;1017481;17
9002;1017734;2
9002;1017735;410
9002;1017782;194
9002;1017783;47
9002;1017784;40
9002;1017785;1
9002;1017787;9
9002;1017806;9
9002;1017813;30
9002;1017815;102
9002;1017825;247
9002;1017836;2
9002;1017838;360
9002;1017843;15
9002;1017877;1248
9002;1017902;241
9002;1017910;692
9002;1017928;1
9002;1017956;10
9002;1017988;884
9002;1017997;36
9002;1018005;36
9002;1018006;60
9002;1018033;331
9002;1018035;335
9002;1018036;6
9002;1018037;535
9002;1018038;342
9002;1018174;1562
9002;1018175;382
9002;1018178;464
9002;1018200;180
9002;1018232;142
9002;1018233;883
9002;1018377;783
9002;1018402;14
9002;1018403;94
9002;1018409;10
9002;1018411;476
9002;1018471;2370
9002;1018473;720
9002;1018480;703
9002;1018483;3
9002;1018485;10
9002;1018486;2140
9002;1018487;206
9002;1018542;24
9002;1018558;8
9002;1018559;61
9002;1018566;6
9002;1018570;201
9002;1018572;201
9002;1018573;201
9002;1018575;201
9002;1018581;201
9002;1018589;201
9002;1018608;29800
9002;1018616;138
9002;1018617;50
9002;1018618;463
9002;1018644;2737
9002;1018651;1
9002;1018670;360
9002;1018912;302
9002;1018913;129
9002;1018915;164
9002;1018919;11
9002;1018931;353
9002;1018937;319
9002;1018941;240
9002;1018964;994
9002;1018966;324
9002;1018968;104
9002;1018972;322
9002;1019039;50
9002;1019077;9
9002;1019080;382
9002;1019081;6
9002;1019085;52
9002;1019086;21
9002;1019091;18
9002;1019093;736
9002;1019096;16
9002;1019100;9
9002;1019114;136
9002;1019115;3
9002;1019116;8
9002;1019117;2121
9002;1019121;37
9002;1019146;360
9002;1019151;144
9002;1019154;180
9002;1019169;420
9002;1019172;41
9002;1019173;25
9002;1019206;854
9002;1019235;108
9002;1019303;4
9002;1019353;292
9002;1019354;739
9002;1019357;389
9002;1019365;267
9002;1019366;714
9002;1019441;480
9002;1019444;480
9002;1019445;670
9002;1019456;5
9002;1019467;1627
9002;1019468;1
9002;1019473;307
9002;1019486;1
9002;1019501;26
9002;1019502;2
9002;1019503;3
9002;1019561;75
9002;1019564;3
9002;1019787;8
9002;1019801;384
9002;1019808;232
9002;1019883;76
9002;1019895;191
9002;1019990;146
9002;1020068;16
9002;1020141;303
9002;1020142;207
9002;1020157;7
9002;1020231;289
9002;1020241;8
9002;1020245;7
9002;1020246;71
9002;1020247;33
9002;1020248;368
9002;1020249;169
9002;1020273;56914
9002;1020300;91700
9002;1020314;410
9002;1020315;63
9002;1020435;600
9002;1020436;264
9002;1020437;18
9002;1020485;37
9002;1020486;47
9002;1020487;34
9002;1020501;378
9002;1020519;840
9002;1020678;21
9002;1020679;327
9002;1020682;96
9002;1020685;125
9002;1020687;125
9002;1020688;125
9002;1020693;232
9002;1020708;37
9002;1020720;2321
9002;1020721;2880
9002;1020730;17
9002;1020732;72
9002;1020734;4
9002;1020796;143
9002;1020798;67
9002;1020848;360
9002;1020892;144
9002;1020896;3
9002;1020910;315
9002;1020951;1359
9002;1020967;6
9002;1020973;1
9002;1020978;863
9002;1020979;87
9002;1020980;738
9002;1020981;158
9002;1020982;347
9002;1020994;175
9002;1020995;175
9002;1021003;13
9002;1021025;237
9002;1021027;277
9002;1021028;212
9002;1021029;247
9002;1021033;25
9002;1021037;215
9002;1021039;81
9002;1021042;46
9002;1021045;137
9002;1021100;1
9002;1021102;180
9002;1021104;41
9002;1021109;297
9002;1021121;1
9002;1021124;465
9002;1021163;61
9002;1021187;32
9002;1021188;58
9002;1021189;36
9002;1021190;25
9002;1021191;38
9002;1021192;33
9002;1021193;45
9002;1021202;318
9002;1021304;11
9002;1021306;403
9002;1021324;639
9002;1021325;115
9002;1021326;285
9002;1021328;167
9002;1021348;805
9002;1021349;708
9002;1021350;14
9002;1021355;595
9002;1021356;39
9002;1021362;667
9002;1021363;1153
9002;1021390;2
9002;1021410;906
9002;1021426;1151
9002;1021429;48
9002;1021430;539
9002;1021434;576
9002;1021444;7
9002;1021458;1404
9002;1021459;268
9002;1021460;489
9002;1021519;88
9002;1021521;68
9002;1021522;76
9002;1021524;85
9002;1021529;26138
9002;1021581;144
9002;1021625;22
9002;1021664;22
9002;1021665;15
9002;1021780;38
9002;1021781;94
9002;1021789;344
9002;1021798;4
9002;1021799;542
9002;1021801;9
9002;1021802;19
9002;1021803;371
9002;1021815;632
9002;1021821;1757
9002;1021823;2
9002;1021840;318
9002;1021859;41
9002;1021866;125
9002;1021925;650
9002;1021960;192
9002;1021962;1181
9002;1021964;4
9002;1021993;9
9002;1021995;169
9002;1021996;4
9002;1021997;250
9002;1022047;181
9002;1022066;118
9002;1022090;15
9002;1022116;173
9002;1022122;4
9002;1022123;15
9002;1022126;25
9002;1022163;114
9002;1022167;32
9002;1022168;105
9002;1022170;224
9002;1022171;34
9002;1022177;9
9002;1022190;335
9002;1022198;208
9002;1022219;2
9002;1022220;726
9002;1022236;9
9002;1022309;28
9002;1022538;76
9002;1022551;115
9002;1022552;285
9002;1022553;318
9002;1022554;279
9002;1022564;4
9002;1022568;482
9002;1022591;542
9002;1022597;4
9002;1022599;51
9002;1022613;40
9002;1022618;4
9002;1022624;120
9002;1022627;36
9002;1022628;228
9002;1022632;120
9002;1022649;120
9002;1022651;90
9002;1022719;508
9002;1022721;4
9002;1022740;10
9002;1022743;23
9002;1022744;21
9002;1022786;144
9002;1022891;26
9002;1022923;570
9002;1022940;23
9002;1022947;1
9002;1022959;43
9002;1022971;50
9002;1022972;537
9002;1022982;16
9002;1022984;25
9002;1022986;19
9002;1023047;240
9002;1023052;59
9002;1023096;180
9002;1023123;38
9002;1023242;397
9002;1023243;1787
9002;1023251;288
9002;1023252;292
9002;1023254;24
9002;1023255;180
9002;1023258;7
9002;1023259;7
9002;1023262;15
9002;1023332;38
9002;1023333;2175
9002;1023362;30
9002;1023378;209
9002;1023380;159
9002;1023396;192
9002;1023397;180
9002;1023399;2
9002;1023400;36
9002;1023429;28
9002;1023570;9
9002;1023614;1
9002;1023615;5
9002;1023616;1
9002;1023617;5
9002;1023625;152
9002;1023647;612
9002;1023651;468
9002;1023656;189
9002;1023660;310
9002;1023672;2475
9002;1023678;79
9002;1023684;83
9002;1023720;169
9002;1023721;387
9002;1023724;123
9002;1023727;351
9002;1023732;34
9002;1023733;1637
9002;1023755;24
9002;1023772;288
9002;1023777;1802
9002;1023783;14
9002;1023784;31
9002;1023785;7
9002;1023790;212
9002;1023791;8
9002;1023816;23
9002;1023820;2
9002;1023849;506
9002;1023858;7
9002;1023860;64
9002;1023865;133
9002;1023883;343
9002;1023892;255
9002;1023893;174
9002;1023897;373
9002;1023984;587
9002;1024035;288
9002;1024039;610
9002;1024040;108
9002;1024041;163
9002;1024043;3131
9002;1024047;1337
9002;1024048;611
9002;1024051;570
9002;1024057;117
9002;1024058;113
9002;1024089;319
9002;1024090;274
9002;1024106;56
9002;1024139;188
9002;1024181;711
9002;1024182;823
9002;1024183;2359
9002;1024184;476
9002;1024185;738
9002;1024193;43
9002;1024205;78
9002;1024209;1704
9002;1024219;371
9002;1024224;74
9002;1024225;120
9002;1024226;133
9002;1024227;56
9002;1024319;330
9002;1024321;9
9002;1024325;246
9002;1024326;260
9002;1024338;190
9002;1024340;327
9002;1024354;11
9002;1024357;4
9002;1024358;10
9002;1024360;1
9002;1024374;9
9002;1024379;24
9002;1024383;13
9002;1024384;17
9002;1024386;288
9002;1024395;3
9002;1024474;441
9002;1024479;4
9002;1024480;5474
9002;1024483;370
9002;1024515;1489
9002;1024529;10
9002;1024563;596
9002;1024567;13
9002;1024569;6
9002;1024570;288
9002;1024571;9
9002;1024573;17
9002;1024575;1391
9002;1024576;163
9002;1024577;1781
9002;1024579;1553
9002;1024580;1278
9002;1024581;1723
9002;1024582;1340
9002;1024583;1183
9002;1024584;1464
9002;1024609;1546
9002;1024613;50
9002;1024614;107
9002;1024615;15
9002;1024654;614
9002;1024680;12
9002;1024681;53
9002;1024685;44
9002;1024699;72
9002;1024778;16
9002;1024800;815
9002;1024805;28
9002;1024886;342
9002;1024887;242
9002;1024907;110
9002;1024963;667
9002;1024967;877
9002;1024975;288
9002;1024976;15
9002;1024994;13
9002;1024995;156
9002;1024998;19
9002;1025001;5
9002;1025002;281
9002;1025007;34
9002;1025008;805
9002;1025011;1
9002;1025016;205
9002;1025019;154
9002;1025020;63
9002;1025053;126
9002;1025055;104
9002;1025058;13
9002;1025059;23
9002;1025060;1017
9002;1025089;5
9002;1025090;240
9002;1025091;240
9002;1025104;401
9002;1025120;201
9002;1025121;201
9002;1025124;201
9002;1025159;405
9002;1025162;74
9002;1025166;18
9002;1025168;308
9002;1025192;19
9002;1025194;24
9002;1025197;13
9002;1025199;132
9002;1025203;3
9002;1025205;180
9002;1025207;381
9002;1025209;149
9002;1025259;3491
9002;1025262;971
9002;1025276;15
9002;1025277;306
9002;1025278;4
9002;1025317;32
9002;1025324;30
9002;1025361;484
9002;1025362;276
9002;1025363;1167
9002;1025366;44
9002;1025392;5
9002;1025395;200
9002;1025432;90
9002;1025435;85
9002;1025437;794
9002;1025452;221
9002;1025454;48
9002;1025456;11
9002;1025457;275
9002;1025458;13
9002;1025459;492
9002;1025460;196
9002;1025461;36
9002;1025462;545
9002;1025535;28
9002;1025538;607
9002;1025571;288
9002;1025572;126
9002;1025573;292
9002;1025578;288
9002;1025593;288
9002;1025595;763
9002;1025599;5
9002;1025608;49
9002;1025637;22
9002;1025640;23
9002;1025643;39
9002;1025656;266
9002;1025657;756
9002;1025658;5
9002;1025659;42
9002;1025661;196
9002;1025662;68
9002;1025663;136
9002;1025664;2
9002;1025702;35
9002;1025703;31
9002;1025705;198
9002;1025861;63
9002;1025868;30
9002;1025869;6
9002;1025870;4
9002;1025871;58
9002;1025900;24
9002;1025901;1
9002;1025905;95
9002;1025906;83
9002;1025908;42
9002;1025909;38
9002;1025910;7
9002;1025911;40
9002;1025970;16
9002;1025973;460
9002;1025976;13
9002;1026000;944
9002;1026009;10
9002;1026016;144
9002;1026033;138
9002;1026034;3341
9002;1026036;240
9002;1026038;3006
9002;1026039;87
9002;1026042;6980
9002;1026043;5
9002;1026044;1
9002;1026046;172
9002;1026050;1092
9002;1026051;3
9002;1026054;26
9002;1026059;241
9002;1026060;1125
9002;1026067;347
9002;1026068;357
9002;1026070;283
9002;1026072;1591
9002;1026074;365
9002;1026076;364
9002;1026083;94
9002;1026084;165
9002;1026085;80
9002;1026086;35
9002;1026089;98
9002;1026114;14
9002;1026126;248
9002;1026127;393
9002;1026129;97
9002;1026172;600
9002;1026173;160
9002;1026244;375
9002;1026245;43
9002;1026246;39
9002;1026247;123
9002;1026248;309
9002;1026249;5
9002;1026251;706
9002;1026253;41
9002;1026256;107
9002;1026257;11
9002;1026266;152
9002;1026300;1371
9002;1026301;1284
9002;1026303;599
9002;1026304;570
9002;1026305;695
9002;1026306;3617
9002;1026307;700
9002;1026381;7
9002;1026382;180
9002;1026390;26
9002;1026396;144
9002;1026397;2053
9002;1026398;572
9002;1026399;915
9002;1026400;619
9002;1026405;288
9002;1026407;288
9002;1026408;1
9002;1026409;3
9002;1026410;576
9002;1026411;36
9002;1026428;341
9002;1026431;3
9002;1026478;12
9002;1026479;12
9002;1026480;73
9002;1026481;3
9002;1026504;1
9002;1026546;205
9002;1026547;2767
9002;1026566;6
9002;1026577;15
9002;1026578;13
9002;1026579;38
9002;1026581;153
9002;1026605;68
9002;1026626;3
9002;1026633;36
9002;1026659;196
9002;1026665;103
9002;1026666;54
9002;1026667;293
9002;1026699;182
9002;1026704;234
9002;1026731;144
9002;1026732;315
9002;1026734;264
9002;1026735;341
9002;1026738;734
9002;1026759;1
9002;1026760;10
9002;1026763;1
9002;1026765;2
9002;1026766;1
9002;1026767;1
9002;1026769;4
9002;1026798;964
9002;1026800;884
9002;1026801;1211
9002;1026802;1243
9002;1026803;2620
9002;1026804;1830
9002;1026805;170
9002;1026822;24
9002;1026827;287
9002;1026830;277
9002;1026875;63
9002;1026921;72
9002;1026925;371
9002;1026926;9
9002;1026927;768
9002;1026952;23
9002;1026955;35
9002;1026956;270
9002;1026958;10
9002;1026964;1
9002;1026981;138
9002;1027048;159
9002;1027116;1
9002;1027147;188
9002;1027157;1080
9002;1027158;22
9002;1027159;1092
9002;1027160;1895
9002;1027161;1002
9002;1027162;12
9002;1027176;33
9002;1027180;554
9002;1027181;181
9002;1027183;272
9002;1027253;1779
9002;1027254;156
9002;1027255;46
9002;1027256;11
9002;1027257;5
9002;1027258;753
9002;1027259;168
9002;1027295;36
9002;1027296;8
9002;1027300;14
9002;1027301;88
9002;1027320;5
9002;1027321;1
9002;1027325;1483
9002;1027326;1155
9002;1027366;270
9002;1027367;142
9002;1027380;733
9002;1027385;7
9002;1027400;292
9002;1027431;197
9002;1027463;1117
9002;1027464;3329
9002;1027475;2888
9002;1027486;73
9002;1027536;201
9002;1027548;201
9002;1027549;201
9002;1027550;201
9002;1027636;106
9002;1027640;72
9002;1027675;13
9002;1027677;20
9002;1027679;117
9002;1027680;13
9002;1027684;44
9002;1027685;24
9002;1027686;340
9002;1027687;57
9002;1027689;465
9002;1027725;272
9002;1027728;257
9002;1027729;223
9002;1027731;199
9002;1027807;219
9002;1027808;102
9002;1027809;156
9002;1027819;109
9002;1027821;20
9002;1027823;492
9002;1027825;16
9002;1027826;35
9002;1027827;23
9002;1027830;10
9002;1027914;523
9002;1027922;154
9002;1027924;144
9002;1027928;384
9002;1027930;3
9002;1027931;3
9002;1027932;348
9002;1027933;24
9002;1027943;33
9002;1027948;215
9002;1027954;698
9002;1027973;161
9002;1027976;138
9002;1027977;3559
9002;1027978;6
9002;1027980;985
9002;1027981;776
9002;1027983;85
9002;1027986;623
9002;1027994;58
9002;1027998;75
9002;1028026;684
9002;1028061;79
9002;1028062;126
9002;1028063;23
9002;1028068;456
9002;1028073;909
9002;1028076;941
9002;1028077;204
9002;1028079;335
9002;1028086;226
9002;1028096;65
9002;1028102;15
9002;1028105;168
9002;1028109;42
9002;1028110;226
9002;1028111;218
9002;1028117;22
9002;1028118;10
9002;1028124;263
9002;1028132;8
9002;1028177;767
9002;1028178;911
9002;1028202;943
9002;1028203;833
9002;1028226;2491
9002;1028227;2620
9002;1028229;1984
9002;1028230;428
9002;1028232;1292
9002;1028233;1685
9002;1028238;68
9002;1028300;1
9002;1028319;511
9002;1028320;771
9002;1028321;349
9002;1028328;91
9002;1028336;127
9002;1028340;5
9002;1028379;23
9002;1028380;27
9002;1028401;193
9002;1028409;82
9002;1028427;1
9002;1028448;673
9002;1028449;1
9002;1028455;15
9002;1028460;131
9002;1028462;39
9002;1028463;21
9002;1028464;58
9002;1028465;228
9002;1028466;55
9002;1028473;120
9002;1028494;11
9002;1028544;1
9002;1028551;9325
9002;1028552;16580
9002;1028564;5
9002;1028601;2744
9002;1028613;300
9002;1028620;50
9002;1028621;30
9002;1028622;195
9002;1028626;241
9002;1028703;249
9002;1028705;7
9002;1028710;310
9002;1028726;47
9002;1028727;233
9002;1028729;393
9002;1028754;212
9002;1028755;15
9002;1028780;2
9002;1028781;4
9002;1028782;15
9002;1028783;180
9002;1028786;35
9002;1028792;180
9002;1028796;15
9002;1028806;400
9002;1028818;232
9002;1028853;15
9002;1028854;16
9002;1028855;86
9002;1028857;679
9002;1028858;26
9002;1028859;360
9002;1028860;600
9002;1028861;300
9002;1028864;4
9002;1028868;540
9002;1028869;551
9002;1028870;394
9002;1028879;482
9002;1028885;521
9002;1028892;440
9002;1028899;1065
9002;1028902;382
9002;1028903;1658
9002;1028904;21
9002;1028905;461
9002;1028928;30
9002;1028929;2
9002;1028930;2
9002;1028931;1
9002;1028932;1
9002;1028935;13
9002;1028938;32
9002;1028939;1
9002;1028941;632
9002;1028942;48
9002;1028943;124
9002;1028944;32
9002;1028946;43
9002;1028949;45
9002;1028950;295
9002;1028952;96
9002;1028953;309
9002;1028954;167
9002;1028955;92
9002;1028957;321
9002;1028962;1
9002;1028969;731
9002;1028970;1163
9002;1028978;398
9002;1028983;1382
9002;1028987;13
9002;1029003;20
9002;1029015;527
9002;1029038;1758
9002;1029064;111
9002;1029080;1711
9002;1029081;129
9002;1029082;427
9002;1029083;6
9002;1029085;11
9002;1029086;155
9002;1029090;15
9002;1029091;703
9002;1029146;96
9002;1029290;579
9002;1029319;395
9002;1029320;208
9002;1029337;1577
9002;1029338;608
9002;1029339;403
9002;1029340;61
9002;1029341;340
9002;1029342;462
9002;1029343;447
9002;1029344;419
9002;1029345;116
9002;1029346;570
9002;1029347;451
9002;1029349;131
9002;1029350;546
9002;1029351;378
9002;1029353;241
9002;1029355;140
9002;1029360;11
9002;1029363;20
9002;1029366;217
9002;1029367;83
9002;1029368;6
9002;1029369;285
9002;1029400;433
9002;1029401;300
9002;1029402;171
9002;1029403;26435
9002;1029415;288
9002;1029432;45
9002;1029433;28
9002;1029437;22
9002;1029445;415
9002;1029446;272
9002;1029447;1103
9002;1029489;23
9002;1029499;1092
9002;1029512;31
9002;1029515;39
9002;1029525;144
9002;1029526;180
9002;1029527;240
9002;1029528;119
9002;1029529;16
9002;1029536;312
9002;1029538;114
9002;1029539;151
9002;1029576;2
9002;1029581;38
9002;1029582;67
9002;1029583;25
9002;1029584;107
9002;1029585;90
9002;1029586;1
9002;1029611;1
9002;1029612;1036
9002;1029621;36
9002;1029622;32
9002;1029733;80
9002;1029735;160
9002;1029736;31
9002;1029739;764
9002;1029752;38
9002;1029773;289
9002;1029778;23
9002;1029780;9
9002;1029781;53
9002;1029782;1
9002;1029784;750
9002;1029785;120
9002;1029788;210
9002;1029816;567
9002;1029817;613
9002;1029818;72
9002;1029820;421
9002;1029828;8
9002;1029829;7
9002;1029830;247
9002;1029832;158
9002;1029834;5
9002;1029836;120
9002;1029853;309
9002;1029854;188
9002;1029871;2384
9002;1029882;2
9002;1029885;646
9002;1029895;1735
9002;1029896;981
9002;1029899;1084
9002;1029918;7
9002;1029971;26
9002;1029972;92
9002;1029974;73
9002;1029975;5
9002;1029981;9
9002;1029985;2
9002;1029986;108
9002;1029988;148
9002;1029989;12
9002;1029990;72
9002;1029991;144
9002;1029998;350
9002;1029999;55
9002;1030000;4
9002;1030001;2832
9002;1030013;24
9002;1030014;154
9002;1030036;360
9002;1030037;2
9002;1030044;731
9002;1030045;1
9002;1030046;3
9002;1030047;15
9002;1030049;101
9002;1030087;505
9002;1030089;137
9002;1030090;308
9002;1030091;479
9002;1030092;270
9002;1030094;80
9002;1030105;164
9002;1030112;458
9002;1030113;338
9002;1030119;381
9002;1030139;73
9002;1030227;239
9002;1030229;1047
9002;1030230;466
9002;1030231;457
9002;1030232;54
9002;1030241;1266
9002;1030242;25
9002;1030244;57
9002;1030246;103
9002;1030251;2
9002;1030264;414
9002;1030303;20
9002;1030304;1049
9002;1030306;8
9002;1030308;6
9002;1030312;36
9002;1030313;105
9002;1030316;457
9002;1030317;214
9002;1030318;428
9002;1030320;495
9002;1030322;402
9002;1030323;24
9002;1030324;25
9002;1030326;416
9002;1030330;36
9002;1030331;459
9002;1030332;482
9002;1030333;36
9002;1030334;200
9002;1030335;185
9002;1030338;181
9002;1030344;466
9002;1030345;157
9002;1030349;48
9002;1030352;36
9002;1030353;456
9002;1030354;39
9002;1030355;36
9002;1030356;24
9002;1030360;226
9002;1030361;457
9002;1030362;44
9002;1030363;72
9002;1030364;60
9002;1030365;205
9002;1030366;48
9002;1030368;115
9002;1030378;1
9002;1030380;2
9002;1030381;6
9002;1030382;6
9002;1030386;294
9002;1030389;5
9002;1030390;192
9002;1030391;222
9002;1030393;3
9002;1030395;67
9002;1030397;27
9002;1030398;299
9002;1030399;503
9002;1030400;471
9002;1030402;250
9002;1030403;120
9002;1030405;2
9002;1030407;69
9002;1030408;107
9002;1030413;73
9002;1030416;4
9002;1030417;455
9002;1030449;255
9002;1030456;1242
9002;1030457;191
9002;1030464;2
9002;1030465;4
9002;1030471;4
9002;1030472;297
9002;1030496;140
9002;1030497;19
9002;1030538;188
9002;1030561;1460
9002;1030570;45
9002;1030571;7
9002;1030572;9
9002;1030625;18
9002;1030626;16
9002;1030628;39
9002;1030630;18
9002;1030633;138
9002;1030634;145
9002;1030638;5
9002;1030639;47
9002;1030640;6
9002;1030641;2140
9002;1030645;40
9002;1030672;201
9002;1030674;79
9002;1030675;70
9002;1030679;47
9002;1030710;255
9002;1030721;482
9002;1030722;288
9002;1030723;8
9002;1030726;90
9002;1030727;90
9002;1030728;921
9002;1030729;39
9002;1030731;411
9002;1030732;657
9002;1030733;274
9002;1030735;23
9002;1030736;24
9002;1030741;228
9002;1030754;86
9002;1030755;94
9002;1030786;148
9002;1030787;6
9002;1030795;729
9002;1030850;2
9002;1030857;1
9002;1030858;2
9002;1030859;1
9002;1030861;1
9002;1030864;1
9002;1030877;36
9002;1030880;35
9002;1030881;24
9002;1030882;97
9002;1030884;665
9002;1030885;3
9002;1030894;13
9002;1030897;7
9002;1030898;45
9002;1030899;1732
9002;1030900;31
9002;1030901;162
9002;1030904;101
9002;1030905;8
9002;1030906;786
9002;1030907;643
9002;1030909;466
9002;1030919;354
9002;1030922;2
9002;1030930;716
9002;1030933;47
9002;1030935;1
9002;1030938;3
9002;1030941;1
9002;1030946;1
9002;1030949;2
9002;1030951;3266
9002;1030952;173
9002;1030964;4
9002;1030966;14
9002;1030979;51
9002;1030982;87
9002;1030984;9
9002;1030988;7
9002;1030991;3
9002;1030992;186
9002;1030995;2
9002;1030996;32
9002;1031001;56
9002;1031005;5
9002;1031007;228
9002;1031010;567
9002;1031013;1514
9002;1031014;1121
9002;1031015;1125
9002;1031016;655
9002;1031020;35
9002;1031023;23
9002;1031025;589
9002;1031028;85
9002;1031031;20
9002;1031034;294
9002;1031035;111
9002;1031042;16
9002;1031043;31
9002;1031044;10
9002;1031046;124
9002;1031047;71
9002;1031048;90
9002;1031049;287
9002;1031050;4
9002;1031051;19
9002;1031052;608
9002;1031053;498
9002;1031066;118
9002;1031101;1
9002;1031115;7
9002;1031118;1
9002;1031155;432
9002;1031157;783
9002;1031158;32
9002;1031159;123
9002;1031161;19
9002;1031162;32
9002;1031165;61
9002;1031168;8
9002;1031169;169
9002;1031170;218
9002;1031171;152
9002;1031178;2
9002;1031191;23
9002;1031192;159
9002;1031194;283
9002;1031195;151
9002;1031199;27
9002;1031205;216
9002;1031206;562
9002;1031207;7
9002;1031208;2
9002;1031210;62
9002;1031217;22
9002;1031285;537
9002;1031291;68
9002;1031292;422
9002;1031295;271
9002;1031296;300
9002;1031297;198
9002;1031340;7983
9002;1031341;4841
9002;1031343;22
9002;1031344;216
9002;1031345;32
9002;1031346;168
9002;1031379;20
9002;1031384;536
9002;1031385;360
9002;1031407;65
9002;1031412;356
9002;1031413;14
9002;1031414;170
9002;1031415;17
9002;1031416;16
9002;1031417;15
9002;1031420;199
9002;1031421;293
9002;1031426;451
9002;1031427;283
9002;1031428;383
9002;1031429;442
9002;1031430;223
9002;1031431;824
9002;1031432;290
9002;1031433;391
9002;1031434;344
9002;1031511;782
9002;1031512;54
9002;1031518;181
9002;1031519;40
9002;1031526;10
9002;1031528;36
9002;1031544;195
9002;1031545;90
9002;1031546;182
9002;1031547;253
9002;1031562;331
9002;1031580;54
9002;1031583;458
9002;1031594;2
9002;1031597;61
9002;1031598;38
9002;1031599;266
9002;1031607;130
9002;1031608;12
9002;1031609;454
9002;1031610;131
9002;1031611;17
9002;1031612;65
9002;1031613;364
9002;1031617;166
9002;1031618;561
9002;1031619;119
9002;1031620;9
9002;1031621;29
9002;1031622;9
9002;1031623;17
9002;1031625;6
9002;1031630;17
9002;1031633;57
9002;1031643;41
9002;1031657;150
9002;1031663;200
9002;1031664;13
9002;1031668;25
9002;1031670;3
9002;1031671;1
9002;1031672;17
9002;1031673;4
9002;1031674;32
9002;1031675;80
9002;1031676;11
9002;1031677;65
9002;1031678;50
9002;1031683;7
9002;1031684;40
9002;1031686;4
9002;1031687;2
9002;1031689;156
9002;1031690;535
9002;1031724;15
9002;1031728;143
9002;1031729;93
9002;1031730;92
9002;1031731;205
9002;1031737;55
9002;1031743;110
9002;1031744;200
9002;1031748;43
9002;1031749;18
9002;1031750;16
9002;1031751;18
9002;1031752;28
9002;1031753;149
9002;1031755;238
9002;1031756;29
9002;1031760;3
9002;1031761;265
9002;1031762;16
9002;1031767;14
9002;1031768;98
9002;1031771;218
9002;1031772;27
9002;1031773;596
9002;1031776;134
9002;1031777;97
9002;1031778;99
9002;1031779;131
9002;1031781;32
9002;1031786;689
9002;1031788;766
9002;1031790;512
9002;1031804;1
9002;1031805;277
9002;1031808;22
9002;1031809;8
9002;1031811;15
9002;1031813;5
9002;1031818;144
9002;1031819;182
9002;1031820;14
9002;1031821;191
9002;1031822;456
9002;1031826;4
9002;1031829;621
9002;1031844;607
9002;1031857;38
9002;1031861;138
9002;1031862;180
9002;1031863;50
9002;1031864;60
9002;1031865;300
9002;1031868;36
9002;1031869;36
9002;1031871;180
9002;1031873;323
9002;1031875;476
9002;1031876;90
9002;1031891;36
9002;1031892;240
9002;1031893;144
9002;1031897;247
9002;1031898;3
9002;1031899;60
9002;1031901;261
9002;1031903;30
9002;1031904;447
9002;1031906;206
9002;1031913;180
9002;1031915;12
9002;1031918;81
9002;1031935;3
9002;1031937;3
9002;1031938;161
9002;1031939;15
9002;1031940;10
9002;1031941;676
9002;1031942;293
9002;1031943;87
9002;1031944;394
9002;1031959;2
9002;1031960;24
9002;1031962;19
9002;1031963;326
9002;1031964;127
9002;1031967;2512
9002;1031970;314
9002;1031971;100
9002;1031977;348
9002;1031978;150
9002;1031980;3414
9002;1031982;5
9002;1031983;17
9002;1031986;1768
9002;1031987;2313
9002;1031988;198
9002;1031991;1
9002;1031994;6
9002;1031995;6
9002;1031996;29
9002;1031997;161
9002;1031999;273
9002;1032000;382
9002;1032001;57
9002;1032002;183
9002;1032003;29
9002;1032004;113
9002;1032005;4
9002;1032006;152
9002;1032007;740
9002;1032018;2525
9002;1032019;2510
9002;1032020;2344
9002;1032021;1967
9002;1032022;3959
9002;1032023;3938
9002;1032024;3886
9002;1032034;486
9002;1032043;50
9002;1032044;80
9002;1032045;106
9002;1032055;51
9002;1032057;748
9002;1032059;174
9002;1032072;197
9002;1032074;131
9002;1032075;248
9002;1032077;5
9002;1032080;76
9002;1032082;45
9002;1032083;363
9002;1032084;37
9002;1032086;9
9002;1032098;132
9002;1032100;161
9002;1032102;22
9002;1032128;2
9002;1032131;4260
9002;1032132;4282
9002;1032133;4514
9002;1032134;512
9002;1032135;652
9002;1032137;552
9002;1032148;2957
9002;1032200;7
9002;1032225;17
9002;1032230;22
9002;1032231;81
9002;1032238;342
9002;1032239;2
9002;1032240;1
9002;1032256;17
9002;1032276;208
9002;1032277;67
9002;1032279;351
9002;1032284;300
9002;1032295;29
9002;1032297;32
9002;1032300;1
9002;1032301;5
9002;1032313;6
9002;1032314;2
9002;1032318;565
9002;1032319;279
9002;1032320;71
9002;1032325;6
9002;1032327;3
9002;1032351;5
9002;1032360;167
9002;1032405;315
9002;1032411;2
9002;1032412;224
9002;1032417;34
9002;1032418;56
9002;1032427;42
9002;1032429;1
9002;1032433;210
9002;1032436;445
9002;1032437;2453
9002;1032438;33
9002;1032440;32
9002;1032441;27
9002;1032442;7
9002;1032451;47
9002;1032455;2
9002;1032458;51
9002;1032459;242
9002;1032460;92
9002;1032463;115
9002;1032465;190
9002;1032466;307
9002;1032470;375
9002;1032471;60
9002;1032472;1293
9002;1032473;471
9002;1032474;30
9002;1032475;180
9002;1032477;185
9002;1032478;45
9002;1032479;28
9002;1032482;2
9002;1032486;98
9002;1032491;638
9002;1032492;14
9002;1032493;1245
9002;1032495;2095
9002;1032497;311
9002;1032514;447
9002;1032539;40
9002;1032558;2306
9002;1032560;3
9002;1032593;37
9002;1032598;125
9002;1032599;246
9002;1032600;79
9002;1032615;245
9002;1032616;99
9002;1032618;29
9002;1032640;186
9002;1032641;309
9002;1032642;271
9002;1032643;110
9002;1032644;237
9002;1032645;50
9002;1032646;239
9002;1032650;228
9002;1032652;223
9002;1032658;65
9002;1032659;21
9002;1032664;35
9002;1032665;12
9002;1032674;7
9002;1032677;57
9002;1032679;1366
9002;1032680;331
9002;1032682;228
9002;1032685;144
9002;1032687;893
9002;1032691;343
9002;1032697;399
9002;1032702;6
9002;1032708;864
9002;1032726;458
9002;1032803;2
9002;1032804;380
9002;1032805;323
9002;1032806;1069
9002;1032807;275
9002;1032811;119
9002;1032816;108
9002;1032828;171
9002;1032829;141
9002;1032832;4
9002;1032860;11
9002;1032861;13
9002;1032867;30
9002;1032896;144
9002;1032899;189
9002;1032900;1
9002;1032948;190
9002;1032949;20
9002;1032951;1228
9002;1032964;391
9002;1032965;129
9002;1032966;303
9002;1032967;486
9002;1032969;47
9002;1032971;23
9002;1032973;3
9002;1032991;10
9002;1032993;327
9002;1032996;533
9002;1032997;67
9002;1032999;5
9002;1033009;56
9002;1033010;96
9002;1033013;12
9002;1033020;29
9002;1033021;63
9002;1033028;74
9002;1033048;183
9002;1033079;3
9002;1033082;751
9002;1033083;383
9002;1033084;539
9002;1033085;48
9002;1033086;276
9002;1033087;5
9002;1033091;6
9002;1033092;48
9002;1033096;29
9002;1033098;43
9002;1033100;234
9002;1033101;238
9002;1033103;310
9002;1033104;97
9002;1033105;7853
9002;1033106;1254
9002;1033107;1108
9002;1033108;23
9002;1033110;124
9002;1033113;198
9002;1033116;18
9002;1033117;286
9002;1033118;302
9002;1033128;1002
9002;1033129;1237
9002;1033130;1138
9002;1033131;1313
9002;1033132;1334
9002;1033133;1349
9002;1033134;1345
9002;1033135;1314
9002;1033136;1129
9002;1033137;41
9002;1033138;1204
9002;1033139;62
9002;1033140;1092
9002;1033141;1183
9002;1033142;1326
9002;1033143;1282
9002;1033144;1325
9002;1033145;1317
9002;1033146;1258
9002;1033147;20
9002;1033149;473
9002;1033150;54
9002;1033168;180
9002;1033169;96
9002;1033174;72
9002;1033176;219
9002;1033177;481
9002;1033183;2
9002;1033190;252
9002;1033198;60
9002;1033199;135
9002;1033201;1
9002;1033202;20
9002;1033203;36
9002;1033204;1506
9002;1033205;120
9002;1033206;228
9002;1033208;13
9002;1033209;13
9002;1033213;5
9002;1033215;144
9002;1033217;90
9002;1033218;228
9002;1033224;180
9002;1033229;1
9002;1033232;960
9002;1033266;7
9002;1033275;231
9002;1033279;136
9002;1033282;16
9002;1033283;30
9002;1033308;107
9002;1033310;9
9002;1033311;29
9002;1033314;16
9002;1033315;9
9002;1033316;30
9002;1033317;1
9002;1033318;9
9002;1033322;64
9002;1033325;304
9002;1033326;125
9002;1033327;282
9002;1033328;450
9002;1033329;264
9002;1033330;131
9002;1033331;409
9002;1033344;13
9002;1033345;5
9002;1033346;5
9002;1033347;5
9002;1033410;169
9002;1033411;22
9002;1033416;701
9002;1033420;47
9002;1033421;31
9002;1033423;80
9002;1033425;273
9002;1033428;18
9002;1033429;478
9002;1033436;26
9002;1033437;26
9002;1033443;1
9002;1033445;589
9002;1033446;99
9002;1033448;162
9002;1033453;34
9002;1033457;80
9002;1033465;475
9002;1033468;11
9002;1033469;3
9002;1033470;1710
9002;1033471;102
9002;1033473;120
9002;1033474;246
9002;1033486;179
9002;1033490;699
9002;1033491;12
9002;1033494;285
9002;1033495;584
9002;1033497;1
9002;1033498;389
9002;1033500;391
9002;1033508;993
9002;1033509;2069
9002;1033510;315
9002;1033511;2
9002;1033523;567
9002;1033524;8
9002;1033525;555
9002;1033551;1
9002;1033613;2
9002;1033618;1
9002;1033620;1
9002;1033628;5
9002;1033629;5
9002;1033630;5
9002;1033631;5
9002;1033632;5
9002;1033633;5
9002;1033634;5
9002;1033635;5
9002;1033636;5
9002;1033637;13
9002;1033638;5
9002;1033668;284
9002;1033669;515
9002;1033670;1027
9002;1033816;1
9002;1033863;495
9002;1033866;56
9002;1033880;4
9002;1033882;48
9002;1033885;184
9002;1033889;71
9002;1033890;141
9002;1033891;93
9002;1033892;223
9002;1033893;140
9002;1033894;481
9002;1033900;386
9002;1033903;484
9002;1033904;262
9002;1033923;108
9002;1033933;577
9002;1033934;591
9002;1033935;583
9002;1033937;567
9002;1033942;16
9002;1033943;12
9002;1033948;564
9002;1033950;555
9002;1033955;33
9002;1033956;20
9002;1033962;30
9002;1033963;21
9002;1034001;3
9002;1034004;19
9002;1034005;144
9002;1034008;2576
9002;1034028;15
9002;1034029;633
9002;1034030;17
9002;1034032;16
9002;1034033;12
9002;1034035;408
9002;1034036;3
9002;1034037;28
9002;1034039;679
9002;1034040;654
9002;1034041;646
9002;1034042;528
9002;1034043;824
9002;1034058;38
9002;1034083;1103
9002;1034120;204
9002;1034121;204
9002;1034122;204
9002;1034123;204
9002;1034124;204
9002;1034125;204
9002;1034126;204
9002;1034127;204
9002;1034128;204
9002;1034129;204
9002;1034150;201
9002;1034152;201
9002;1034153;201
9002;1034154;201
9002;1034155;201
9002;1034156;201
9002;1034160;201
9002;1034165;201
9002;1034166;201
9002;1034167;201
9002;1034169;201
9002;1034170;201
